キリシタン大名	六角義賢
キリシタン大名	大友義鎮
キリシタン大名	大村純忠
キリシタン大名	戦国大名
キリシタン大名	有馬晴信
キリシタン大名	畠山高政
キリシタン大名	筒井定次
キリシタン大名	豊臣秀吉
一条兼定	キリシタン大名
一条兼定	一条房冬
一条兼定	一条房基
一条兼定	一条房家
一条兼定	一条教房
一条兼定	大友義鎮
一条兼定	大友義鑑
一条兼定	宇都宮豊綱
一条兼定	戦国大名
一条兼定	毛利氏
一条兼定	長宗我部元親
一条房冬	一条兼定
一条房冬	一条房基
一条房冬	一条房家
一条房冬	一条教房
一条房冬	大内義興
一条房冬	戦国大名
一条房基	一条兼定
一条房基	一条房冬
一条房基	一条房家
一条房基	一条教房
一条房基	大友義鑑
一条房基	本山茂宗
一条房基	長宗我部国親
一条房家	一条兼定
一条房家	一条房冬
一条房家	一条房基
一条房家	一条教房
一条房家	本山氏
一条房家	長宗我部元親
一条房家	長宗我部兼序
一条房家	長宗我部国親
一条教房	一条兼定
一条教房	一条房冬
一条教房	一条房基
一条教房	一条房家
一条教房	豊臣秀吉
一色義幸	一色義有
一色義幸	一色義清_(左京大夫)
一色義幸	一色義清_(越前守)
一色義幸	一色義道
一色義幸	武田元光
一色義有	一色義幸
一色義有	一色義清_(左京大夫)
一色義有	一色義清_(越前守)
一色義有	一色義道
一色義有	山名祐豊
一色義有	武田元信
一色義有	細川政元
一色義有	細川澄元
一色義清	一色義清_(左京大夫)
一色義清	一色義清_(越前守)
一色義清_(左京大夫)	一色義幸
一色義清_(左京大夫)	一色義有
一色義清_(左京大夫)	一色義清_(越前守)
一色義清_(左京大夫)	一色義道
一色義清_(左京大夫)	土岐頼芸
一色義清_(左京大夫)	斎藤義龍
一色義清_(左京大夫)	斎藤道三
一色義清_(越前守)	一色義幸
一色義清_(越前守)	一色義有
一色義清_(越前守)	一色義清_(左京大夫)
一色義清_(越前守)	一色義道
一色義道	一色義幸
一色義道	一色義有
一色義道	一色義清_(左京大夫)
一色義道	一色義清_(越前守)
一色義道	毛利輝元
一色義道	織田信長
三好康長	三好氏
三好康長	三好義継
三好康長	三好長慶
三好康長	三好長治
三好康長	松永久秀
三好康長	池田勝正
三好康長	畠山昭高
三好康長	筒井順慶
三好康長	細川晴元
三好康長	織田信長
三好康長	豊臣秀吉
三好康長	長宗我部元親
三好氏	三好康長
三好氏	三好義継
三好氏	三好長慶
三好氏	三好長治
三好氏	上杉謙信
三好氏	六角義賢
三好氏	内藤氏
三好氏	別所就治
三好氏	北畠晴具
三好氏	十河存保
三好氏	大内義興
三好氏	尼子経久
三好氏	戦国大名
三好氏	朝倉義景
三好氏	松永久秀
三好氏	松永氏
三好氏	松永長頼
三好氏	武田信玄
三好氏	毛利氏
三好氏	池田勝正
三好氏	波多野晴通
三好氏	波多野氏
三好氏	波多野秀治
三好氏	波多野稙通
三好氏	浅井長政
三好氏	浦上宗景
三好氏	浦上村宗
三好氏	浦上氏
三好氏	畠山氏
三好氏	畠山義堯
三好氏	畠山高政
三好氏	筒井順慶
三好氏	細川成之
三好氏	細川政元
三好氏	細川晴元
三好氏	細川氏綱
三好氏	細川澄元
三好氏	細川高国
三好氏	織田信長
三好氏	豊臣秀吉
三好氏	赤松義村
三好氏	長宗我部元親
三好義継	三好康長
三好義継	三好氏
三好義継	三好長慶
三好義継	十河存保
三好義継	戦国大名
三好義継	松永久秀
三好義継	武田信玄
三好義継	畠山昭高
三好義継	筒井順慶
三好義継	織田信長
三好長慶	三好康長
三好長慶	三好氏
三好長慶	三好義継
三好長慶	上杉謙信
三好長慶	今川氏真
三好長慶	六角定頼
三好長慶	六角義賢
三好長慶	北条氏康
三好長慶	徳川家康
三好長慶	戦国大名
三好長慶	松永久秀
三好長慶	松永長頼
三好長慶	武田元光
三好長慶	武田義統
三好長慶	波多野晴通
三好長慶	波多野稙通
三好長慶	畠山政国
三好長慶	畠山稙長
三好長慶	畠山義総
三好長慶	畠山高政
三好長慶	筒井氏
三好長慶	細川晴元
三好長慶	細川氏綱
三好長慶	細川澄元
三好長慶	細川高国
三好長慶	織田信秀
三好長慶	織田信長
三好長慶	足利晴氏
三好長治	三好氏
三好長治	三好義継
三好長治	三好長慶
三好長治	十河存保
三好長治	織田信長
三好長治	長宗我部元親
三木直頼	土岐頼芸
三木直頼	姉小路良頼
三木直頼	戦国大名
三村元親	三好氏
三村元親	三村家親
三村元親	上田実親
三村元親	宇喜多直家
三村元親	毛利氏
三村元親	浦上宗景
三村元親	織田信長
三村宗親	三好氏
三村宗親	三村家親
三村宗親	大内義興
三村家親	三好氏
三村家親	三村元親
三村家親	三村宗親
三村家親	上田実親
三村家親	宇喜多直家
三村家親	毛利元就
三村家親	毛利氏
三浦義同	上杉朝良
三浦義同	上杉顕定
三浦義同	北条早雲
三浦義同	山内上杉家
上杉定実	上杉房能
上杉定実	上杉謙信
上杉定実	上杉顕定
上杉定実	伊達尚宗
上杉定実	伊達稙宗
上杉定実	山本寺上杉家
上杉定実	長尾晴景
上杉定実	長尾為景
上杉定実	長尾能景
上杉憲勝	上杉持朝
上杉憲勝	上杉朝定_(扇谷上杉家)
上杉憲勝	上杉朝興
上杉憲勝	上杉朝良
上杉憲勝	上杉謙信
上杉憲勝	北条氏康
上杉憲勝	山内上杉家
上杉憲勝	武田信玄
上杉憲勝	深谷上杉家
上杉憲寛	上杉憲房_(戦国時代)
上杉憲寛	上杉憲政
上杉憲寛	上杉憲盛
上杉憲寛	上杉憲賢
上杉憲寛	上杉景勝
上杉憲寛	上杉朝興
上杉憲寛	上杉謙信
上杉憲寛	上杉顕定
上杉憲寛	上杉顕実
上杉憲寛	宇都宮成綱
上杉憲寛	山内上杉家
上杉憲寛	深谷上杉家
上杉憲寛	真里谷信政
上杉憲寛	足利政氏
上杉憲寛	足利晴氏
上杉憲寛	足利義明
上杉憲寛	足利高基
上杉憲房_(戦国時代)	上杉憲寛
上杉憲房_(戦国時代)	上杉憲政
上杉憲房_(戦国時代)	上杉憲盛
上杉憲房_(戦国時代)	上杉憲賢
上杉憲房_(戦国時代)	上杉景勝
上杉憲房_(戦国時代)	上杉朝興
上杉憲房_(戦国時代)	上杉謙信
上杉憲房_(戦国時代)	上杉顕定
上杉憲房_(戦国時代)	上杉顕実
上杉憲房_(戦国時代)	北条氏綱
上杉憲房_(戦国時代)	山内上杉家
上杉憲房_(戦国時代)	戦国大名
上杉憲房_(戦国時代)	武田信虎
上杉憲房_(戦国時代)	深谷上杉家
上杉憲房_(戦国時代)	足利成氏
上杉憲房_(戦国時代)	足利高基
上杉憲房_(戦国時代)	長尾為景
上杉憲政	上杉憲寛
上杉憲政	上杉憲房_(戦国時代)
上杉憲政	上杉憲盛
上杉憲政	上杉憲賢
上杉憲政	上杉景勝
上杉憲政	上杉朝定_(扇谷上杉家)
上杉憲政	上杉謙信
上杉憲政	上杉顕定
上杉憲政	上杉顕実
上杉憲政	今川義元
上杉憲政	佐竹義昭
上杉憲政	北条氏康
上杉憲政	山内上杉家
上杉憲政	村上義清
上杉憲政	横瀬氏
上杉憲政	武田信玄
上杉憲政	武田信虎
上杉憲政	武田勝頼
上杉憲政	深谷上杉家
上杉憲政	諏訪頼重_(戦国時代)
上杉憲政	足利晴氏
上杉憲政	足利義氏_(古河公方)
上杉憲政	足利高基
上杉憲政	里見義堯
上杉憲政	長尾氏
上杉憲盛	上杉憲政
上杉憲盛	上杉憲賢
上杉憲盛	上杉謙信
上杉憲盛	山内上杉家
上杉憲盛	深谷上杉家
上杉憲賢	上杉憲盛
上杉憲賢	北条氏康
上杉憲賢	山内上杉家
上杉憲賢	深谷上杉家
上杉房能	上杉定実
上杉房能	上杉顕定
上杉房能	山内上杉家
上杉房能	山本寺上杉家
上杉房能	長尾為景
上杉房能	長尾能景
上杉持朝	三浦義同
上杉持朝	上杉憲勝
上杉持朝	上杉朝定_(扇谷上杉家)
上杉持朝	上杉朝興
上杉持朝	上杉朝良
上杉持朝	足利成氏
上杉景勝	上杉憲寛
上杉景勝	上杉憲房_(戦国時代)
上杉景勝	上杉憲政
上杉景勝	上杉憲盛
上杉景勝	上杉憲賢
上杉景勝	上杉景勝
上杉景勝	上杉謙信
上杉景勝	上杉顕定
上杉景勝	上杉顕実
上杉景勝	伊達政宗
上杉景勝	佐竹義宣_(右京大夫)
上杉景勝	佐竹義重_(十八代当主)
上杉景勝	北条氏直
上杉景勝	大内義隆
上杉景勝	宇喜多秀家
上杉景勝	山内上杉家
上杉景勝	徳川家康
上杉景勝	最上義光
上杉景勝	武田信玄
上杉景勝	武田勝頼
上杉景勝	毛利輝元
上杉景勝	深谷上杉家
上杉景勝	真田昌幸
上杉景勝	織田信長
上杉景勝	蘆名盛氏
上杉景勝	蘆名盛隆
上杉景勝	豊臣秀吉
上杉景勝	長尾晴景
上杉景勝	長尾氏
上杉景勝	長尾為景
上杉景勝	長尾能景
上杉朝定_(扇谷上杉家)	上杉憲勝
上杉朝定_(扇谷上杉家)	上杉憲政
上杉朝定_(扇谷上杉家)	上杉持朝
上杉朝定_(扇谷上杉家)	上杉朝興
上杉朝定_(扇谷上杉家)	上杉朝良
上杉朝定_(扇谷上杉家)	上杉謙信
上杉朝定_(扇谷上杉家)	今川義元
上杉朝定_(扇谷上杉家)	北条氏康
上杉朝定_(扇谷上杉家)	北条氏綱
上杉朝定_(扇谷上杉家)	山内上杉家
上杉朝定_(扇谷上杉家)	戦国大名
上杉朝定_(扇谷上杉家)	足利晴氏
上杉朝興	上杉憲勝
上杉朝興	上杉憲房_(戦国時代)
上杉朝興	上杉持朝
上杉朝興	上杉朝定_(扇谷上杉家)
上杉朝興	上杉朝良
上杉朝興	北条氏康
上杉朝興	北条氏綱
上杉朝興	山内上杉家
上杉朝興	戦国大名
上杉朝興	武田信玄
上杉朝興	武田信虎
上杉朝興	真里谷恕鑑
上杉朝良	三浦義同
上杉朝良	上杉憲勝
上杉朝良	上杉憲房_(戦国時代)
上杉朝良	上杉持朝
上杉朝良	上杉朝定_(扇谷上杉家)
上杉朝良	上杉朝興
上杉朝良	上杉謙信
上杉朝良	上杉顕定
上杉朝良	今川氏親
上杉朝良	北条早雲
上杉朝良	山内上杉家
上杉朝良	長尾氏
上杉朝良	長尾為景
上杉朝良	長野業正
上杉謙信	三好義継
上杉謙信	三好長慶
上杉謙信	上杉定実
上杉謙信	上杉憲勝
上杉謙信	上杉憲寛
上杉謙信	上杉憲房_(戦国時代)
上杉謙信	上杉憲政
上杉謙信	上杉憲盛
上杉謙信	上杉憲賢
上杉謙信	上杉房能
上杉謙信	上杉景勝
上杉謙信	上杉謙信
上杉謙信	上杉顕定
上杉謙信	上杉顕実
上杉謙信	今川氏真
上杉謙信	今川義元
上杉謙信	伊達稙宗
上杉謙信	伊達輝宗
上杉謙信	佐竹義昭
上杉謙信	佐竹義重_(十八代当主)
上杉謙信	佐野昌綱
上杉謙信	北条氏康
上杉謙信	北条氏政
上杉謙信	大宝寺義増
上杉謙信	大宝寺義興
上杉謙信	宇都宮広綱
上杉謙信	小山秀綱
上杉謙信	小田氏治
上杉謙信	小笠原長時
上杉謙信	山内上杉家
上杉謙信	徳川家康
上杉謙信	戦国大名
上杉謙信	朝倉義景
上杉謙信	村上氏
上杉謙信	村上義清
上杉謙信	松永久秀
上杉謙信	武田信玄
上杉謙信	毛利氏
上杉謙信	毛利輝元
上杉謙信	深谷上杉家
上杉謙信	畠山春王丸
上杉謙信	畠山氏
上杉謙信	畠山義続
上杉謙信	畠山義隆
上杉謙信	神保長職
上杉謙信	結城晴朝
上杉謙信	織田信長
上杉謙信	蘆名盛氏
上杉謙信	足利義氏_(古河公方)
上杉謙信	那須資胤
上杉謙信	里見義堯
上杉謙信	里見義弘
上杉謙信	長尾晴景
上杉謙信	長尾氏
上杉謙信	長尾為景
上杉謙信	長尾能景
上杉謙信	長野業正
上杉謙信	長野業盛
上杉顕定	上杉定実
上杉顕定	上杉憲寛
上杉顕定	上杉憲房_(戦国時代)
上杉顕定	上杉憲政
上杉顕定	上杉憲盛
上杉顕定	上杉憲賢
上杉顕定	上杉房能
上杉顕定	上杉景勝
上杉顕定	上杉朝良
上杉顕定	上杉謙信
上杉顕定	上杉顕実
上杉顕定	今川氏親
上杉顕定	北条早雲
上杉顕定	山内上杉家
上杉顕定	深谷上杉家
上杉顕定	足利成氏
上杉顕定	足利政氏
上杉顕定	足利高基
上杉顕定	長尾為景
上杉顕実	上杉憲寛
上杉顕実	上杉憲房_(戦国時代)
上杉顕実	上杉憲政
上杉顕実	上杉憲盛
上杉顕実	上杉憲賢
上杉顕実	上杉景勝
上杉顕実	上杉謙信
上杉顕実	上杉顕定
上杉顕実	佐竹義舜
上杉顕実	北条早雲
上杉顕実	宇都宮成綱
上杉顕実	小田政治
上杉顕実	山内上杉家
上杉顕実	深谷上杉家
上杉顕実	結城政朝
上杉顕実	足利成氏
上杉顕実	足利政氏
上杉顕実	足利高基
上田実親	三村元親
上田実親	三村家親
上田実親	戦国大名
上田実親	毛利氏
二本松家泰	二本松政国
二本松家泰	二本松晴国
二本松家泰	二本松村国
二本松家泰	二本松氏
二本松家泰	二本松義国
二本松家泰	二本松義氏
二本松家泰	二本松義継
二本松家泰	二本松義綱
二本松家泰	伊達稙宗
二本松政国	二本松家泰
二本松政国	二本松村国
二本松政国	二本松氏
二本松政国	二本松義国
二本松政国	二本松義氏
二本松政国	二本松義継
二本松政国	二本松義綱
二本松晴国	二本松家泰
二本松晴国	二本松政国
二本松晴国	二本松村国
二本松晴国	二本松氏
二本松晴国	二本松義国
二本松晴国	二本松義氏
二本松晴国	二本松義継
二本松晴国	二本松義綱
二本松村国	二本松家泰
二本松村国	二本松政国
二本松村国	二本松氏
二本松村国	二本松義国
二本松村国	二本松義氏
二本松村国	二本松義継
二本松村国	二本松義綱
二本松村国	伊達尚宗
二本松氏	上杉景勝
二本松氏	二本松家泰
二本松氏	二本松政国
二本松氏	二本松村国
二本松氏	二本松義国
二本松氏	二本松義氏
二本松氏	二本松義継
二本松氏	二本松義綱
二本松氏	伊達政宗
二本松氏	伊達晴宗
二本松氏	伊達稙宗
二本松氏	伊達輝宗
二本松氏	戦国大名
二本松氏	斯波氏
二本松氏	畠山氏
二本松氏	蘆名盛氏
二本松氏	蘆名義広
二本松義国	二本松家泰
二本松義国	二本松政国
二本松義国	二本松村国
二本松義国	二本松氏
二本松義国	二本松義氏
二本松義国	二本松義継
二本松義国	二本松義綱
二本松義国	伊達輝宗
二本松義国	田村清顕
二本松義国	田村隆顕
二本松義国	相馬氏
二本松義国	結城晴綱
二本松義国	蘆名盛氏
二本松義国	蘆名盛興
二本松義氏	二本松家泰
二本松義氏	二本松政国
二本松義氏	二本松村国
二本松義氏	二本松氏
二本松義氏	二本松義国
二本松義氏	二本松義継
二本松義氏	二本松義綱
二本松義氏	伊達晴宗
二本松義氏	伊達稙宗
二本松義氏	田村隆顕
二本松義継	二本松家泰
二本松義継	二本松政国
二本松義継	二本松村国
二本松義継	二本松氏
二本松義継	二本松義国
二本松義継	二本松義氏
二本松義継	二本松義綱
二本松義継	伊達政宗
二本松義継	伊達輝宗
二本松義継	田村清顕
二本松義綱	上杉景勝
二本松義綱	二本松家泰
二本松義綱	二本松政国
二本松義綱	二本松村国
二本松義綱	二本松氏
二本松義綱	二本松義国
二本松義綱	二本松義氏
二本松義綱	二本松義継
二本松義綱	伊達政宗
二本松義綱	伊達輝宗
二本松義綱	佐竹義重_(十八代当主)
二本松義綱	畠山義綱
二本松義綱	相馬義胤_(十六代当主)
二本松義綱	蘆名義広
二階堂晴行	二階堂氏
二階堂晴行	二階堂照行
二階堂晴行	二階堂行詮
二階堂晴行	伊達晴宗
二階堂晴行	白河結城氏
二階堂晴行	那須氏
二階堂氏	二階堂晴行
二階堂氏	二階堂照行
二階堂氏	二階堂盛義
二階堂氏	二階堂行親
二階堂氏	二階堂行詮
二階堂氏	伊達政宗
二階堂氏	伊達稙宗
二階堂氏	佐竹義宣_(右京大夫)
二階堂氏	岩城常隆
二階堂氏	戦国大名
二階堂氏	蘆名盛隆
二階堂氏	足利成氏
二階堂氏	足利政氏
二階堂氏	足利高基
二階堂照行	二階堂晴行
二階堂照行	二階堂氏
二階堂照行	二階堂盛義
二階堂照行	伊達稙宗
二階堂盛義	二階堂氏
二階堂盛義	二階堂照行
二階堂盛義	二階堂行親
二階堂盛義	伊達政宗
二階堂盛義	伊達晴宗
二階堂盛義	岩城常隆
二階堂盛義	蘆名盛氏
二階堂盛義	蘆名盛興
二階堂盛義	蘆名盛隆
二階堂行親	二階堂氏
二階堂行親	二階堂盛義
二階堂行親	伊達政宗
二階堂行親	蘆名盛隆
二階堂行詮	二階堂晴行
二階堂行詮	二階堂氏
二階堂行詮	蘆名盛高
五島純玄	宇久純定
五島純玄	宇久純尭
五島純玄	松浦鎮信
五島純玄	豊臣秀吉
京極持清	京極政経
京極持清	京極高清
京極持清	六角高頼
京極持清	尼子経久
京極持清	畠山政長
京極政経	京極持清
京極政経	京極高清
京極政経	六角高頼
京極政経	尼子経久
京極政経	戦国大名
京極政経	畠山政長
京極高清	三木直頼
京極高清	京極持清
京極高清	京極政経
京極高清	六角定頼
京極高清	六角高頼
京極高清	姉小路済継
京極高清	尼子経久
京極高清	戦国大名
京極高清	浅井亮政
京極高清	織田信長
今川氏真	上杉謙信
今川氏真	今川氏親
今川氏真	今川氏輝
今川氏真	今川義元
今川氏真	北条氏康
今川氏真	北条氏政
今川氏真	北条氏直
今川氏真	大内義隆
今川氏真	徳川家康
今川氏真	戦国大名
今川氏真	武田信玄
今川氏真	武田信虎
今川氏真	武田勝頼
今川氏真	織田信長
今川氏真	豊臣秀吉
今川氏親	上杉顕定
今川氏親	今川氏真
今川氏親	今川氏輝
今川氏親	今川義元
今川氏親	北条早雲
今川氏親	北条氏康
今川氏親	山内上杉家
今川氏親	戦国大名
今川氏親	斯波氏
今川氏親	斯波義寛
今川氏親	松平長親
今川氏親	武田信虎
今川氏親	細川政元
今川氏輝	今川氏真
今川氏輝	今川氏親
今川氏輝	今川義元
今川氏輝	北条氏康
今川氏輝	北条氏綱
今川氏輝	戦国大名
今川氏輝	武田信虎
今川義元	三好長慶
今川義元	上杉憲政
今川義元	上杉朝定_(扇谷上杉家)
今川義元	上杉謙信
今川義元	今川氏真
今川義元	今川氏親
今川義元	今川氏輝
今川義元	北条氏康
今川義元	北条氏綱
今川義元	徳川家康
今川義元	戦国大名
今川義元	松平広忠
今川義元	武田信玄
今川義元	武田信虎
今川義元	毛利元就
今川義元	織田信秀
今川義元	織田信長
今川義元	足利晴氏
伊東尹祐	伊東祐充
伊東尹祐	伊東祐国
伊東尹祐	伊東義祐
伊東尹祐	北原氏
伊東尹祐	島津忠昌
伊東尹祐	島津忠治
伊東尹祐	戦国大名
伊東祐充	伊東尹祐
伊東祐充	伊東祐国
伊東祐充	伊東義祐
伊東祐充	北原氏
伊東祐国	伊東尹祐
伊東祐国	伊東祐充
伊東祐国	伊東義祐
伊東祐国	島津忠昌
伊東義祐	伊東尹祐
伊東義祐	伊東祐充
伊東義祐	伊東祐国
伊東義祐	北原氏
伊東義祐	大友義鎮
伊東義祐	島津義久
伊東義祐	島津貴久
伊東義祐	河野通直_(伊予守)
伊東義祐	相良義陽
伊東義祐	織田信長
伊東義祐	肝付良兼
伊東義祐	豊臣秀吉
伊達尚宗	伊達政宗
伊達尚宗	伊達晴宗
伊達尚宗	伊達稙宗
伊達尚宗	伊達輝宗
伊達尚宗	大崎教兼
伊達尚宗	戦国大名
伊達尚宗	最上義定
伊達尚宗	葛西宗清
伊達尚宗	蘆名盛高
伊達政宗	上杉景勝
伊達政宗	二本松義継
伊達政宗	二階堂氏
伊達政宗	伊達尚宗
伊達政宗	伊達晴宗
伊達政宗	伊達稙宗
伊達政宗	伊達輝宗
伊達政宗	佐竹義宣_(右京大夫)
伊達政宗	北条氏政
伊達政宗	北条氏直
伊達政宗	岩城常隆
伊達政宗	徳川家康
伊達政宗	戦国大名
伊達政宗	最上義光
伊達政宗	最上義守
伊達政宗	毛利輝元
伊達政宗	田村清顕
伊達政宗	白河結城氏
伊達政宗	相馬氏
伊達政宗	織田信長
伊達政宗	葛西氏
伊達政宗	蘆名義広
伊達政宗	豊臣秀吉
伊達晴宗	上杉定実
伊達晴宗	二階堂氏
伊達晴宗	二階堂盛義
伊達晴宗	伊達尚宗
伊達晴宗	伊達政宗
伊達晴宗	伊達稙宗
伊達晴宗	伊達輝宗
伊達晴宗	佐竹義重_(十八代当主)
伊達晴宗	大崎義宣
伊達晴宗	岩城親隆
伊達晴宗	岩城重隆
伊達晴宗	戦国大名
伊達晴宗	相馬盛胤_(十五代当主)
伊達晴宗	相馬顕胤
伊達晴宗	結城晴綱
伊達晴宗	葛西晴重
伊達晴宗	蘆名盛氏
伊達晴宗	蘆名盛興
伊達晴宗	蘆名盛舜
伊達晴宗	蘆名盛隆
伊達晴宗	蘆名盛高
伊達稙宗	上杉定実
伊達稙宗	二階堂照行
伊達稙宗	伊達尚宗
伊達稙宗	伊達政宗
伊達稙宗	伊達晴宗
伊達稙宗	伊達稙宗
伊達稙宗	伊達輝宗
伊達稙宗	大崎義宣
伊達稙宗	大崎義直
伊達稙宗	戦国大名
伊達稙宗	最上義定
伊達稙宗	田村隆顕
伊達稙宗	相馬氏
伊達稙宗	相馬義胤_(十六代当主)
伊達稙宗	相馬顕胤
伊達稙宗	細川高国
伊達稙宗	葛西晴胤
伊達稙宗	葛西晴重
伊達稙宗	葛西氏
伊達稙宗	蘆名盛氏
伊達稙宗	蘆名盛舜
伊達稙宗	蘆名盛高
伊達輝宗	上杉景勝
伊達輝宗	上杉謙信
伊達輝宗	二本松義継
伊達輝宗	二階堂盛義
伊達輝宗	伊達尚宗
伊達輝宗	伊達政宗
伊達輝宗	伊達晴宗
伊達輝宗	伊達稙宗
伊達輝宗	佐竹義重_(十八代当主)
伊達輝宗	北条氏政
伊達輝宗	岩城常隆
伊達輝宗	岩城親隆
伊達輝宗	岩城重隆
伊達輝宗	戦国大名
伊達輝宗	最上義光
伊達輝宗	最上義守
伊達輝宗	相馬盛胤_(十五代当主)
伊達輝宗	相馬義胤_(十六代当主)
伊達輝宗	織田信長
伊達輝宗	蘆名亀王丸
伊達輝宗	蘆名盛興
伊達輝宗	蘆名盛隆
伊達輝宗	豊臣秀吉
佐竹義宣_(右京大夫)	上杉景勝
佐竹義宣_(右京大夫)	伊達政宗
佐竹義宣_(右京大夫)	伊達晴宗
佐竹義宣_(右京大夫)	佐竹義昭
佐竹義宣_(右京大夫)	佐竹義篤_(十六代当主)
佐竹義宣_(右京大夫)	佐竹義舜
佐竹義宣_(右京大夫)	佐竹義重_(十八代当主)
佐竹義宣_(右京大夫)	多賀谷重経
佐竹義宣_(右京大夫)	宇喜多秀家
佐竹義宣_(右京大夫)	宇都宮国綱
佐竹義宣_(右京大夫)	徳川家康
佐竹義宣_(右京大夫)	毛利氏
佐竹義宣_(右京大夫)	毛利輝元
佐竹義宣_(右京大夫)	江戸重通
佐竹義宣_(右京大夫)	真田昌幸
佐竹義宣_(右京大夫)	結城氏
佐竹義宣_(右京大夫)	蘆名盛興
佐竹義宣_(右京大夫)	蘆名義広
佐竹義宣_(右京大夫)	豊臣秀吉
佐竹義宣_(右京大夫)	那須氏
佐竹義宣_(右京大夫)	那須資胤
佐竹義昭	上杉憲政
佐竹義昭	上杉謙信
佐竹義昭	佐竹義宣_(右京大夫)
佐竹義昭	佐竹義篤_(十六代当主)
佐竹義昭	佐竹義舜
佐竹義昭	佐竹義重_(十八代当主)
佐竹義昭	北条氏康
佐竹義昭	大掾氏
佐竹義昭	宇都宮広綱
佐竹義昭	小田成治
佐竹義昭	小田政治
佐竹義昭	小田氏治
佐竹義昭	岩城親隆
佐竹義昭	岩城重隆
佐竹義昭	戦国大名
佐竹義昭	江戸忠通
佐竹義昭	結城晴朝
佐竹義昭	結城晴綱
佐竹義昭	那須氏
佐竹義昭	那須資胤
佐竹義篤_(十六代当主)	伊達晴宗
佐竹義篤_(十六代当主)	伊達稙宗
佐竹義篤_(十六代当主)	佐竹義宣_(右京大夫)
佐竹義篤_(十六代当主)	佐竹義昭
佐竹義篤_(十六代当主)	佐竹義舜
佐竹義篤_(十六代当主)	佐竹義重_(十八代当主)
佐竹義篤_(十六代当主)	大掾氏
佐竹義篤_(十六代当主)	小田政治
佐竹義篤_(十六代当主)	岩城由隆
佐竹義篤_(十六代当主)	戦国大名
佐竹義篤_(十六代当主)	江戸忠通
佐竹義篤_(十六代当主)	白河結城氏
佐竹義篤_(十六代当主)	相馬氏
佐竹義篤_(十六代当主)	那須政資
佐竹義篤_(十六代当主)	那須氏
佐竹義篤_(十六代当主)	那須高資
佐竹義舜	佐竹義宣_(右京大夫)
佐竹義舜	佐竹義昭
佐竹義舜	佐竹義篤_(十六代当主)
佐竹義舜	佐竹義重_(十八代当主)
佐竹義舜	宇都宮忠綱
佐竹義舜	宇都宮成綱
佐竹義舜	岩城常隆_(下総守)
佐竹義舜	岩城由隆
佐竹義舜	戦国大名
佐竹義舜	江戸忠通
佐竹義舜	江戸通雅
佐竹義舜	白河結城氏
佐竹義舜	結城政朝
佐竹義舜	足利政氏
佐竹義舜	那須氏
佐竹義重_(十八代当主)	上杉謙信
佐竹義重_(十八代当主)	二本松氏
佐竹義重_(十八代当主)	伊達政宗
佐竹義重_(十八代当主)	伊達晴宗
佐竹義重_(十八代当主)	佐竹義宣_(右京大夫)
佐竹義重_(十八代当主)	佐竹義昭
佐竹義重_(十八代当主)	佐竹義篤_(十六代当主)
佐竹義重_(十八代当主)	佐竹義舜
佐竹義重_(十八代当主)	北条氏政
佐竹義重_(十八代当主)	北条氏直
佐竹義重_(十八代当主)	大掾氏
佐竹義重_(十八代当主)	宇都宮広綱
佐竹義重_(十八代当主)	小田氏治
佐竹義重_(十八代当主)	岩城常隆
佐竹義重_(十八代当主)	岩城親隆
佐竹義重_(十八代当主)	岩城重隆
佐竹義重_(十八代当主)	徳川家康
佐竹義重_(十八代当主)	戦国大名
佐竹義重_(十八代当主)	武田信玄
佐竹義重_(十八代当主)	江戸忠通
佐竹義重_(十八代当主)	江戸重通
佐竹義重_(十八代当主)	白河結城氏
佐竹義重_(十八代当主)	結城晴朝
佐竹義重_(十八代当主)	結城氏
佐竹義重_(十八代当主)	蘆名盛氏
佐竹義重_(十八代当主)	蘆名義広
佐竹義重_(十八代当主)	豊臣秀吉
佐竹義重_(十八代当主)	那須氏
佐野宗綱	上杉謙信
佐野宗綱	佐野房綱
佐野宗綱	佐野昌綱
佐野宗綱	佐野氏
佐野宗綱	織田信長
佐野宗綱	豊臣秀吉
佐野房綱	上杉景勝
佐野房綱	上杉謙信
佐野房綱	佐竹義重_(十八代当主)
佐野房綱	佐野宗綱
佐野房綱	佐野昌綱
佐野房綱	佐野氏
佐野房綱	北条氏康
佐野房綱	北条氏政
佐野房綱	徳川家康
佐野房綱	戦国大名
佐野房綱	武田信玄
佐野房綱	結城氏
佐野房綱	織田信長
佐野房綱	豊臣秀吉
佐野房綱	里見義頼
佐野昌綱	上杉謙信
佐野昌綱	佐野宗綱
佐野昌綱	佐野房綱
佐野昌綱	佐野氏
佐野昌綱	北条氏康
佐野昌綱	北条氏政
佐野昌綱	戦国大名
佐野昌綱	足利晴氏
佐野昌綱	足利義氏_(古河公方)
佐野氏	上杉謙信
佐野氏	佐野宗綱
佐野氏	佐野房綱
佐野氏	佐野昌綱
佐野氏	北条氏康
佐野氏	北畠具教
佐野氏	斯波氏
佐野氏	松平清康
佐野氏	豊臣秀吉
佐野氏	足利成氏
佐野氏	足利義氏_(古河公方)
依田氏	上杉憲政
依田氏	村上氏
依田氏	真田昌幸
信濃村上氏	上杉景勝
信濃村上氏	上杉謙信
信濃村上氏	村上氏
信濃村上氏	村上義清
信濃村上氏	武田信玄
信濃村上氏	武田信虎
六角定頼	三好長慶
六角定頼	六角氏綱
六角定頼	六角義定
六角定頼	六角義治
六角定頼	六角義賢
六角定頼	六角高頼
六角定頼	北畠具教
六角定頼	土岐頼芸
六角定頼	戦国大名
六角定頼	武田信豊_(若狭武田氏)
六角定頼	浅井久政
六角定頼	細川晴元
六角定頼	細川高国
六角定頼	織田信長
六角氏綱	三好氏
六角氏綱	六角定頼
六角氏綱	六角義定
六角氏綱	六角義治
六角氏綱	六角義賢
六角氏綱	六角高頼
六角氏綱	大内義興
六角氏綱	戦国大名
六角氏綱	細川政元
六角氏綱	細川澄元
六角氏綱	足利成氏
六角義定	六角定頼
六角義定	六角氏綱
六角義定	六角義治
六角義定	六角義賢
六角義定	六角高頼
六角義定	土岐頼芸
六角義定	戦国大名
六角義定	織田信長
六角義治	三好氏
六角義治	六角定頼
六角義治	六角氏綱
六角義治	六角義定
六角義治	六角義賢
六角義治	六角高頼
六角義治	戦国大名
六角義治	松永久秀
六角義治	浅井長政
六角義治	畠山義総
六角義治	畠山高政
六角義治	織田信長
六角義治	豊臣秀吉
六角義賢	三好氏
六角義賢	三好長慶
六角義賢	六角定頼
六角義賢	六角氏綱
六角義賢	六角義定
六角義賢	六角義治
六角義賢	六角高頼
六角義賢	北畠具教
六角義賢	土岐頼芸
六角義賢	戦国大名
六角義賢	斎藤義龍
六角義賢	朝倉義景
六角義賢	松永久秀
六角義賢	武田信豊_(若狭武田氏)
六角義賢	浅井久政
六角義賢	浅井長政
六角義賢	畠山義綱
六角義賢	畠山義総
六角義賢	畠山高政
六角義賢	細川晴元
六角義賢	織田信長
六角義賢	豊臣秀吉
六角高頼	京極持清
六角高頼	京極政経
六角高頼	京極高清
六角高頼	六角定頼
六角高頼	六角氏綱
六角高頼	六角義定
六角高頼	六角義治
六角高頼	六角義賢
六角高頼	大内義興
六角高頼	戦国大名
六角高頼	戦国時代の人物一覧_(日本)
六角高頼	浅井亮政
六角高頼	細川政元
六角高頼	細川高国
六角高頼	足利成氏
内藤氏	三好氏
内藤氏	三好長慶
内藤氏	北条早雲
内藤氏	大内政弘
内藤氏	大内義興
内藤氏	大内義隆
内藤氏	松平広忠
内藤氏	松永長頼
内藤氏	武田信玄
内藤氏	武田信虎
内藤氏	毛利氏
内藤氏	毛利輝元
内藤氏	波多野氏
内藤氏	細川政元
内藤氏	細川晴元
内藤氏	細川高国
内藤氏	織田信長
内藤氏	豊臣秀吉
内藤氏	長尾氏
別所安治	三好氏
別所安治	別所就治
別所安治	別所長治
別所安治	織田信長
別所安治	赤松義祐
別所就治	三好長慶
別所就治	別所安治
別所就治	尼子晴久
別所就治	戦国大名
別所就治	浦上村宗
別所就治	浦上氏
別所就治	細川高国
別所就治	赤松義村
別所長治	別所安治
別所長治	戦国大名
別所長治	毛利氏
別所長治	波多野秀治
別所長治	浦上氏
別所長治	織田信長
別所長治	豊臣秀吉
北原氏	伊東尹祐
北原氏	伊東祐充
北原氏	伊東祐国
北原氏	伊東義祐
北原氏	島津忠昌
北原氏	島津貴久
北原氏	戦国大名
北原氏	相良義陽
北条早雲	三浦義同
北条早雲	上杉憲房_(戦国時代)
北条早雲	上杉房能
北条早雲	上杉朝興
北条早雲	上杉朝良
北条早雲	上杉謙信
北条早雲	上杉顕定
北条早雲	上杉顕実
北条早雲	今川氏親
北条早雲	佐竹義舜
北条早雲	六角高頼
北条早雲	内藤氏
北条早雲	北条氏康
北条早雲	北条氏政
北条早雲	北条氏直
北条早雲	北条氏綱
北条早雲	大内政弘
北条早雲	大内義興
北条早雲	宇都宮成綱
北条早雲	尼子経久
北条早雲	山内上杉家
北条早雲	岩城由隆
北条早雲	徳川家康
北条早雲	戦国大名
北条早雲	斎藤道三
北条早雲	斯波義寛
北条早雲	松平長親
北条早雲	松永久秀
北条早雲	武田信昌
北条早雲	武田信縄
北条早雲	武田信虎
北条早雲	細川政元
北条早雲	細川澄元
北条早雲	細川高国
北条早雲	結城政朝
北条早雲	織田信秀
北条早雲	足利成氏
北条早雲	足利政氏
北条早雲	足利義明
北条早雲	足利高基
北条早雲	長尾為景
北条早雲	長尾能景
北条早雲	高橋高種
北条早雲	龍造寺家兼
北条氏康	上杉憲政
北条氏康	上杉憲盛
北条氏康	上杉朝定_(扇谷上杉家)
北条氏康	上杉朝興
北条氏康	上杉謙信
北条氏康	今川氏真
北条氏康	今川氏親
北条氏康	今川義元
北条氏康	佐野宗綱
北条氏康	佐野昌綱
北条氏康	北条早雲
北条氏康	北条氏政
北条氏康	北条氏直
北条氏康	北条氏綱
北条氏康	千葉利胤
北条氏康	千葉氏
北条氏康	千葉親胤
北条氏康	大掾氏
北条氏康	徳川家康
北条氏康	戦国大名
北条氏康	横瀬氏
北条氏康	武田信玄
北条氏康	結城氏
北条氏康	織田信秀
北条氏康	織田信長
北条氏康	豊臣秀吉
北条氏康	足利晴氏
北条氏康	足利義明
北条氏康	足利義氏_(古河公方)
北条氏康	那須氏
北条氏康	里見義堯
北条氏康	里見義弘
北条氏康	里見義頼
北条氏康	長尾氏
北条氏政	上杉景勝
北条氏政	上杉謙信
北条氏政	今川氏真
北条氏政	今川氏親
北条氏政	今川義元
北条氏政	佐竹義重_(十八代当主)
北条氏政	佐野宗綱
北条氏政	佐野昌綱
北条氏政	北条早雲
北条氏政	北条氏康
北条氏政	北条氏直
北条氏政	北条氏綱
北条氏政	千葉親胤
北条氏政	千葉邦胤
北条氏政	宇都宮国綱
北条氏政	小山秀綱
北条氏政	徳川家康
北条氏政	戦国大名
北条氏政	木曾義昌
北条氏政	武田信玄
北条氏政	武田勝頼
北条氏政	毛利元就
北条氏政	毛利氏
北条氏政	毛利輝元
北条氏政	真田昌幸
北条氏政	結城晴朝
北条氏政	織田信長
北条氏政	豊臣秀吉
北条氏政	足利義氏_(古河公方)
北条氏政	那須資晴
北条氏政	里見義堯
北条氏政	里見義弘
北条氏政	里見義頼
北条氏直	今川氏真
北条氏直	佐竹義重_(十八代当主)
北条氏直	北条早雲
北条氏直	北条氏康
北条氏直	北条氏政
北条氏直	北条氏綱
北条氏直	千葉邦胤
北条氏直	徳川家康
北条氏直	戦国大名
北条氏直	木曾義昌
北条氏直	武田信玄
北条氏直	武田勝頼
北条氏直	真田昌幸
北条氏直	結城晴朝
北条氏直	織田信長
北条氏直	豊臣秀吉
北条氏直	足利義氏_(古河公方)
北条氏直	里見義弘
北条氏直	里見義頼
北条氏綱	上杉憲寛
北条氏綱	上杉憲房_(戦国時代)
北条氏綱	上杉憲政
北条氏綱	上杉朝定_(扇谷上杉家)
北条氏綱	上杉朝興
北条氏綱	今川氏親
北条氏綱	今川氏輝
北条氏綱	今川義元
北条氏綱	北条早雲
北条氏綱	北条氏康
北条氏綱	北条氏政
北条氏綱	北条氏直
北条氏綱	山内上杉家
北条氏綱	戦国大名
北条氏綱	武田信虎
北条氏綱	足利晴氏
北条氏綱	足利義明
北条氏綱	足利高基
北条氏綱	里見義堯
北条氏綱	里見義豊
北畠具房	六角定頼
北畠具房	北畠具教
北畠具房	北畠晴具
北畠具房	北畠材親
北畠具房	織田信長
北畠具房	長野具藤
北畠具教	三好氏
北畠具教	六角定頼
北畠具教	北畠具房
北畠具教	北畠晴具
北畠具教	北畠材親
北畠具教	戦国大名
北畠具教	細川高国
北畠具教	織田信長
北畠具教	長野具藤
北畠具教	長野稙藤
北畠具教	長野藤定
北畠晴具	北畠具房
北畠晴具	北畠具教
北畠晴具	北畠材親
北畠晴具	筒井氏
北畠晴具	細川晴元
北畠晴具	細川高国
北畠晴具	長野藤定
北畠材親	北畠具房
北畠材親	北畠具教
北畠材親	北畠晴具
十市遠勝	三好長慶
十市遠勝	十市遠忠
十市遠勝	松永久秀
十市遠勝	畠山高政
十市遠勝	筒井定次
十市遠勝	筒井氏
十市遠勝	筒井順慶
十市遠勝	筒井順興
十市遠勝	織田信長
十市遠忠	十市遠勝
十市遠忠	畠山氏
十市遠忠	筒井順昭
十河存保	三好康長
十河存保	三好氏
十河存保	三好義継
十河存保	三好長慶
十河存保	三好長治
十河存保	松永久秀
十河存保	毛利氏
十河存保	織田信長
十河存保	豊臣秀吉
十河存保	長宗我部元親
千葉利胤	北条氏康
千葉利胤	千葉勝胤
千葉利胤	千葉昌胤
千葉利胤	千葉氏
千葉利胤	千葉胤富
千葉利胤	千葉良胤
千葉利胤	千葉親胤
千葉利胤	千葉邦胤
千葉利胤	戦国大名
千葉勝胤	上杉顕定
千葉勝胤	北条氏綱
千葉勝胤	千葉利胤
千葉勝胤	千葉昌胤
千葉勝胤	千葉氏
千葉勝胤	千葉胤富
千葉勝胤	千葉良胤
千葉勝胤	千葉親胤
千葉勝胤	千葉邦胤
千葉勝胤	戦国大名
千葉勝胤	足利政氏
千葉勝胤	足利義明
千葉勝胤	足利高基
千葉昌胤	北条氏綱
千葉昌胤	千葉利胤
千葉昌胤	千葉勝胤
千葉昌胤	千葉氏
千葉昌胤	千葉胤富
千葉昌胤	千葉良胤
千葉昌胤	千葉親胤
千葉昌胤	千葉邦胤
千葉昌胤	真里谷恕鑑
千葉昌胤	足利政氏
千葉昌胤	足利晴氏
千葉昌胤	足利義明
千葉昌胤	足利高基
千葉氏	北条氏康
千葉氏	北条氏政
千葉氏	千葉利胤
千葉氏	千葉勝胤
千葉氏	千葉昌胤
千葉氏	千葉胤富
千葉氏	千葉良胤
千葉氏	千葉親胤
千葉氏	千葉邦胤
千葉氏	南条氏
千葉氏	奥州千葉氏
千葉氏	徳川家康
千葉氏	戦国大名
千葉氏	武田信玄
千葉氏	武田信虎
千葉氏	相馬氏
千葉氏	神保氏
千葉氏	葛西氏
千葉氏	豊臣秀吉
千葉氏	足利義明
千葉胤富	上杉謙信
千葉胤富	北条氏康
千葉胤富	千葉利胤
千葉胤富	千葉勝胤
千葉胤富	千葉昌胤
千葉胤富	千葉氏
千葉胤富	千葉良胤
千葉胤富	千葉親胤
千葉胤富	千葉邦胤
千葉胤富	小山高朝
千葉胤富	武田信玄
千葉胤富	結城氏
千葉胤富	足利義氏_(古河公方)
千葉胤富	里見義弘
千葉良胤	上杉謙信
千葉良胤	北条氏康
千葉良胤	千葉利胤
千葉良胤	千葉勝胤
千葉良胤	千葉昌胤
千葉良胤	千葉氏
千葉良胤	千葉胤富
千葉良胤	千葉親胤
千葉良胤	千葉邦胤
千葉良胤	武田信玄
千葉良胤	織田信長
千葉良胤	里見義堯
千葉親胤	北条氏康
千葉親胤	千葉利胤
千葉親胤	千葉勝胤
千葉親胤	千葉昌胤
千葉親胤	千葉氏
千葉親胤	千葉胤富
千葉親胤	千葉良胤
千葉親胤	千葉邦胤
千葉親胤	戦国大名
千葉親胤	足利晴氏
千葉邦胤	北条氏政
千葉邦胤	北条氏直
千葉邦胤	千葉利胤
千葉邦胤	千葉勝胤
千葉邦胤	千葉昌胤
千葉邦胤	千葉氏
千葉邦胤	千葉胤富
千葉邦胤	千葉良胤
千葉邦胤	千葉親胤
千葉邦胤	岩松守純
千葉邦胤	織田信長
千葉邦胤	里見義弘
南条氏	大内義隆
南条氏	尼子晴久
南条氏	戦国大名
南条氏	村上氏
南条氏	毛利元就
南条氏	毛利氏
南条氏	豊臣秀吉
南部信時	南部信直
南部信時	南部信義
南部信時	南部安信
南部信時	南部政康
南部信時	南部晴政
南部信時	南部晴継
南部信直	伊達政宗
南部信直	南部信時
南部信直	南部信義
南部信直	南部安信
南部信直	南部政康
南部信直	南部晴政
南部信直	南部晴継
南部信直	安東愛季
南部信直	徳川家康
南部信直	戦国大名
南部信直	斯波氏
南部信直	斯波詮直
南部信直	津軽為信
南部信直	豊臣秀吉
南部信義	南部信時
南部信義	南部信直
南部信義	南部安信
南部信義	南部政康
南部信義	南部晴政
南部信義	南部晴継
南部信義	戦国大名
南部安信	南部信時
南部安信	南部信直
南部安信	南部信義
南部安信	南部政康
南部安信	南部晴政
南部安信	南部晴継
南部安信	戦国大名
南部政康	南部信時
南部政康	南部信直
南部政康	南部信義
南部政康	南部安信
南部政康	南部晴政
南部政康	南部晴継
南部政康	戦国大名
南部晴政	南部信時
南部晴政	南部信直
南部晴政	南部信義
南部晴政	南部安信
南部晴政	南部政康
南部晴政	南部晴継
南部晴政	安東愛季
南部晴政	戦国大名
南部晴政	斯波経詮
南部晴政	津軽為信
南部晴政	織田信長
南部晴継	南部信時
南部晴継	南部信直
南部晴継	南部信義
南部晴継	南部安信
南部晴継	南部政康
南部晴継	南部晴政
南部晴継	戦国大名
原田隆種	大内義興
原田隆種	大内義長
原田隆種	大内義隆
原田隆種	大友義鎮
原田隆種	毛利元就
原田隆種	毛利氏
原田隆種	秋月種実
原田隆種	龍造寺隆信
因幡毛利氏	毛利氏
因幡毛利氏	豊臣秀吉
土岐政房	六角高頼
土岐政房	土岐頼武
土岐政房	土岐頼純
土岐政房	土岐頼芸
土岐頼武	土岐政房
土岐頼武	土岐頼純
土岐頼武	土岐頼芸
土岐頼武	朝倉孝景_(10代当主)
土岐頼武	朝倉貞景_(9代当主)
土岐頼武	浅井亮政
土岐頼純	六角定頼
土岐頼純	土岐政房
土岐頼純	土岐頼武
土岐頼純	土岐頼芸
土岐頼純	斎藤道三
土岐頼純	朝倉孝景_(10代当主)
土岐頼純	朝倉貞景_(9代当主)
土岐頼純	織田信秀
土岐頼芸	一色義清_(左京大夫)
土岐頼芸	六角定頼
土岐頼芸	土岐政房
土岐頼芸	土岐頼武
土岐頼芸	土岐頼純
土岐頼芸	斎藤義龍
土岐頼芸	斎藤道三
土岐頼芸	朝倉孝景_(10代当主)
土岐頼芸	織田信秀
土岐頼芸	豊臣秀吉
土持親成	伊東義祐
土持親成	大友義統
土持親成	大友義鎮
土持親成	島津義久
城井正房	城井長房
城井正房	大内義興
城井正房	大内義隆
城井正房	戦国大名
城井鎮房	城井長房
城井鎮房	大内義長
城井鎮房	大内義隆
城井鎮房	大友義鎮
城井鎮房	大友義鑑
城井鎮房	島津義久
城井鎮房	戦国大名
城井鎮房	豊臣秀吉
城井長房	城井正房
城井長房	城井鎮房
城井長房	大内義興
城井長房	大友義長
城井長房	宇都宮広綱
城井長房	戦国大名
城井長房	豊臣秀吉
多賀谷氏	佐竹義宣_(右京大夫)
多賀谷氏	佐竹義重_(十八代当主)
多賀谷氏	多賀谷重経
多賀谷氏	徳川家康
多賀谷氏	結城政朝
多賀谷氏	結城氏
多賀谷氏	豊臣秀吉
多賀谷氏	足利成氏
多賀谷重経	上杉景勝
多賀谷重経	上杉謙信
多賀谷重経	佐竹義重_(十八代当主)
多賀谷重経	多賀谷氏
多賀谷重経	結城氏
多賀谷重経	豊臣秀吉
大内政弘	六角高頼
大内政弘	原田隆種
大内政弘	大内義興
大内政弘	大内義長
大内政弘	大内義隆
大内政弘	大友政親
大内政弘	大友義右
大内政弘	斯波氏
大内政弘	松浦興信
大内政弘	毛利元就
大内政弘	毛利氏
大内政弘	畠山義就
大内義興	一条房冬
大内義興	六角高頼
大内義興	原田隆種
大内義興	大内政弘
大内義興	大内義長
大内義興	大内義隆
大内義興	大友政親
大内義興	大友義右
大内義興	大友義鎮
大内義興	大友義鑑
大内義興	大友親治
大内義興	少弐資元
大内義興	尼子経久
大内義興	山名誠豊
大内義興	戦国大名
大内義興	斎藤龍興
大内義興	松浦興信
大内義興	武田元繁
大内義興	武田光和
大内義興	毛利元就
大内義興	毛利氏
大内義興	畠山義統
大内義興	細川政元
大内義興	細川澄元
大内義興	細川高国
大内義興	織田信長
大内義長	一条房冬
大内義長	大内政弘
大内義長	大内義興
大内義長	大内義隆
大内義長	大友義鎮
大内義長	大友義鑑
大内義長	大友義長
大内義長	尼子晴久
大内義長	戦国大名
大内義長	毛利元就
大内義長	毛利氏
大内義長	河野通宣_(左京大夫)
大内義隆	一条房冬
大内義隆	一条房家
大内義隆	大内政弘
大内義隆	大内義興
大内義隆	大内義長
大内義隆	大友義鑑
大内義隆	少弐資元
大内義隆	尼子晴久
大内義隆	尼子経久
大内義隆	山名政豊
大内義隆	戦国大名
大内義隆	武田信重_(安芸武田氏)
大内義隆	毛利元就
大内義隆	毛利隆元
大内義隆	龍造寺家兼
大内義隆	龍造寺隆信
大友政親	大内政弘
大友政親	大内義興
大友政親	大友義右
大友政親	大友義統
大友政親	大友義鎮
大友政親	大友義鑑
大友政親	大友義長
大友政親	大友親治
大友政親	大友親繁
大友政親	蒲池治久
大友義右	大内政弘
大友義右	大内義興
大友義右	大友政親
大友義右	大友義統
大友義右	大友義鎮
大友義右	大友義鑑
大友義右	大友義長
大友義右	大友親治
大友義右	大友親繁
大友義右	筑後十五城
大友義右	蒲池鑑久
大友義統	一条兼定
大友義統	城井鎮房
大友義統	大友政親
大友義統	大友義右
大友義統	大友義鎮
大友義統	大友義鑑
大友義統	大友義長
大友義統	大友親治
大友義統	大友親繁
大友義統	島津義久
大友義統	戦国大名
大友義統	毛利氏
大友義統	毛利輝元
大友義統	秋月種実
大友義統	秋田実季
大友義統	筑後十五城
大友義統	織田信長
大友義統	蒲池鎮漣
大友義統	豊臣秀吉
大友義統	長宗我部元親
大友義鎮	キリシタン大名
大友義鎮	一条兼定
大友義鎮	一条房冬
大友義鎮	一条房基
大友義鎮	一色義清_(左京大夫)
大友義鎮	原田隆種
大友義鎮	城井鎮房
大友義鎮	大内政弘
大友義鎮	大内義興
大友義鎮	大内義長
大友義鎮	大内義隆
大友義鎮	大友政親
大友義鎮	大友義右
大友義鎮	大友義統
大友義鎮	大友義鑑
大友義鎮	大友義長
大友義鎮	大友親治
大友義鎮	大友親繁
大友義鎮	島津義久
大友義鎮	戦国大名
大友義鎮	有馬晴信
大友義鎮	松浦鎮信
大友義鎮	毛利元就
大友義鎮	毛利氏
大友義鎮	毛利輝元
大友義鎮	河野通宣_(左京大夫)
大友義鎮	波多氏
大友義鎮	畠山氏
大友義鎮	秋月文種
大友義鎮	秋月種実
大友義鎮	筑後十五城
大友義鎮	織田信長
大友義鎮	菊池義武
大友義鎮	蒲池鎮漣
大友義鎮	蒲池鑑広
大友義鎮	蒲池鑑盛
大友義鎮	豊臣秀吉
大友義鎮	龍造寺政家
大友義鎮	龍造寺隆信
大友義鑑	一条房基
大友義鑑	大内義興
大友義鑑	大内義長
大友義鑑	大内義隆
大友義鑑	大友政親
大友義鑑	大友義右
大友義鑑	大友義統
大友義鑑	大友義鎮
大友義鑑	大友義長
大友義鑑	大友親治
大友義鑑	大友親繁
大友義鑑	戦国大名
大友義鑑	有馬晴純
大友義鑑	有馬貴純
大友義鑑	河野通宣_(左京大夫)
大友義鑑	秋月文種
大友義鑑	筑後十五城
大友義鑑	菊池義武
大友義鑑	蒲池鑑久
大友義鑑	蒲池鑑広
大友義鑑	蒲池鑑盛
大友義長	城井長房
大友義長	大内義興
大友義長	大友政親
大友義長	大友義右
大友義長	大友義統
大友義長	大友義鎮
大友義長	大友義鑑
大友義長	大友親治
大友義長	大友親繁
大友義長	少弐資元
大友義長	戦国大名
大友義長	細川政元
大友義長	菊池義武
大友義長	高橋長種
大友親治	大内義興
大友親治	大友政親
大友親治	大友義右
大友親治	大友義統
大友親治	大友義鎮
大友親治	大友義鑑
大友親治	大友義長
大友親治	大友親繁
大友親治	戦国大名
大友親治	細川政元
大友親治	蒲池治久
大友親治	蒲池鑑久
大友親繁	大友政親
大友親繁	大友義右
大友親繁	大友義統
大友親繁	大友義鎮
大友親繁	大友義鑑
大友親繁	大友義長
大友親繁	大友親治
大宝寺健氏	大宝寺政氏
大宝寺健氏	大宝寺氏
大宝寺健氏	大宝寺淳氏
大宝寺政氏	大宝寺健氏
大宝寺政氏	大宝寺氏
大宝寺政氏	大宝寺澄氏
大宝寺政氏	大宝寺義興
大宝寺晴時	大宝寺氏
大宝寺晴時	大宝寺澄氏
大宝寺晴時	大宝寺義増
大宝寺氏	大宝寺健氏
大宝寺氏	大宝寺政氏
大宝寺氏	大宝寺晴時
大宝寺氏	大宝寺淳氏
大宝寺氏	大宝寺澄氏
大宝寺氏	大宝寺義増
大宝寺氏	大宝寺義氏
大宝寺氏	大宝寺義興
大宝寺氏	戦国大名
大宝寺氏	朝倉義景
大宝寺氏	武田信玄
大宝寺氏	由利十二頭
大宝寺氏	織田信長
大宝寺氏	豊臣秀吉
大宝寺氏	足利成氏
大宝寺淳氏	大宝寺健氏
大宝寺淳氏	大宝寺氏
大宝寺淳氏	足利成氏
大宝寺澄氏	大宝寺政氏
大宝寺澄氏	大宝寺晴時
大宝寺澄氏	大宝寺氏
大宝寺義増	上杉謙信
大宝寺義増	大宝寺政氏
大宝寺義増	大宝寺晴時
大宝寺義増	大宝寺氏
大宝寺義増	大宝寺義氏
大宝寺義増	大宝寺義興
大宝寺義増	小野寺景道
大宝寺義氏	上杉景勝
大宝寺義氏	上杉謙信
大宝寺義氏	大宝寺氏
大宝寺義氏	大宝寺澄氏
大宝寺義氏	大宝寺義増
大宝寺義氏	大宝寺義興
大宝寺義氏	安東愛季
大宝寺義氏	最上義守
大宝寺義氏	武田信玄
大宝寺義氏	津軽為信
大宝寺義氏	由利十二頭
大宝寺義氏	織田信長
大宝寺義興	伊達政宗
大宝寺義興	大宝寺氏
大宝寺義興	大宝寺義増
大宝寺義興	大宝寺義氏
大宝寺義興	最上義光
大宝寺義興	織田信長
大崎教兼	伊達尚宗
大崎教兼	大崎義兼
大崎教兼	斯波詮高
大崎教兼	葛西氏
大崎義兼	伊達尚宗
大崎義兼	大崎教兼
大崎義兼	大崎義直
大崎義兼	大崎高兼
大崎義宣	伊達晴宗
大崎義宣	伊達稙宗
大崎義宣	大崎義直
大崎義宣	大崎高兼
大崎義宣	戦国大名
大崎義宣	葛西晴胤
大崎義宣	葛西氏
大崎義直	伊達晴宗
大崎義直	伊達稙宗
大崎義直	大崎義兼
大崎義直	大崎義宣
大崎義直	大崎義隆
大崎義直	大崎高兼
大崎義直	戦国大名
大崎義直	最上義光
大崎義隆	上杉景勝
大崎義隆	伊達政宗
大崎義隆	伊達稙宗
大崎義隆	伊達輝宗
大崎義隆	北条氏直
大崎義隆	大崎義宣
大崎義隆	大崎義直
大崎義隆	戦国大名
大崎義隆	最上義光
大崎義隆	相馬氏
大崎義隆	秋田実季
大崎義隆	織田信長
大崎義隆	葛西晴信
大崎義隆	葛西氏
大崎義隆	蘆名盛氏
大崎義隆	豊臣秀吉
大崎高兼	大崎義兼
大崎高兼	大崎義宣
大崎高兼	大崎義直
大掾氏	上杉謙信
大掾氏	佐竹義重_(十八代当主)
大掾氏	千葉氏
大掾氏	江戸重通
大掾氏	豊臣秀吉
大掾氏	足利成氏
大村喜前	大村純忠
大村喜前	徳川家康
大村喜前	有馬義純
大村喜前	松浦鎮信
大村喜前	江上家種
大村喜前	豊臣秀吉
大村喜前	龍造寺隆信
大村純前	大村純忠
大村純前	有馬晴純
大村純前	有馬貴純
大村純忠	キリシタン大名
大村純忠	大村喜前
大村純忠	大村純前
大村純忠	有馬晴信
大村純忠	有馬晴純
大村純忠	有馬義貞
大村純忠	江上家種
大村純忠	豊臣秀吉
大村純忠	龍造寺隆信
大浦政信	大浦為則
大浦為則	大浦政信
大浦為則	津軽為信
奥州千葉氏	千葉氏
奥州千葉氏	千葉良胤
奥州千葉氏	千葉邦胤
奥州千葉氏	葛西氏
奥州千葉氏	豊臣秀吉
姉小路基綱	姉小路済継
姉小路基綱	戦国大名
姉小路基綱	木曾義元
姉小路済継	三木直頼
姉小路済継	姉小路基綱
姉小路済継	戦国大名
姉小路良頼	三木直頼
姉小路良頼	上杉謙信
姉小路良頼	姉小路頼綱
姉小路良頼	戦国大名
姉小路良頼	木曾義昌
姉小路良頼	武田信玄
姉小路良頼	織田信長
姉小路頼綱	上杉謙信
姉小路頼綱	姉小路良頼
姉小路頼綱	戦国大名
姉小路頼綱	斎藤道三
姉小路頼綱	織田信長
宇久純定	宇久純尭
宇久純尭	キリシタン大名
宇久純尭	五島純玄
宇久純尭	宇久純定
宇喜多直家	三村家親
宇喜多直家	別所安治
宇喜多直家	宇喜多秀家
宇喜多直家	小寺政職
宇喜多直家	尼子経久
宇喜多直家	戦国大名
宇喜多直家	斎藤道三
宇喜多直家	松永久秀
宇喜多直家	松田氏
宇喜多直家	毛利元就
宇喜多直家	毛利氏
宇喜多直家	毛利輝元
宇喜多直家	池田勝正
宇喜多直家	浦上宗景
宇喜多直家	浦上政宗
宇喜多直家	織田信長
宇喜多直家	豊臣秀吉
宇喜多秀家	上杉景勝
宇喜多秀家	佐竹義宣_(右京大夫)
宇喜多秀家	宇喜多直家
宇喜多秀家	徳川家康
宇喜多秀家	毛利輝元
宇喜多秀家	織田信長
宇喜多秀家	豊臣秀吉
宇都宮国綱	佐竹義昭
宇都宮国綱	佐竹義重_(十八代当主)
宇都宮国綱	城井正房
宇都宮国綱	城井鎮房
宇都宮国綱	城井長房
宇都宮国綱	宇喜多秀家
宇都宮国綱	宇都宮尚綱
宇都宮国綱	宇都宮広綱
宇都宮国綱	宇都宮忠綱
宇都宮国綱	宇都宮成綱
宇都宮国綱	宇都宮興綱
宇都宮国綱	宇都宮豊綱
宇都宮国綱	戦国大名
宇都宮国綱	武田勝頼
宇都宮国綱	結城氏
宇都宮国綱	蒲池治久
宇都宮国綱	蒲池鎮漣
宇都宮国綱	蒲池鑑久
宇都宮国綱	蒲池鑑盛
宇都宮国綱	豊臣秀吉
宇都宮尚綱	城井正房
宇都宮尚綱	城井鎮房
宇都宮尚綱	城井長房
宇都宮尚綱	宇都宮国綱
宇都宮尚綱	宇都宮広綱
宇都宮尚綱	宇都宮忠綱
宇都宮尚綱	宇都宮成綱
宇都宮尚綱	宇都宮興綱
宇都宮尚綱	宇都宮豊綱
宇都宮尚綱	小田成治
宇都宮尚綱	結城政朝
宇都宮尚綱	蒲池治久
宇都宮尚綱	蒲池鎮漣
宇都宮尚綱	蒲池鑑久
宇都宮尚綱	蒲池鑑盛
宇都宮尚綱	那須氏
宇都宮尚綱	那須高資
宇都宮広綱	上杉謙信
宇都宮広綱	佐竹義昭
宇都宮広綱	佐竹義重_(十八代当主)
宇都宮広綱	北条氏康
宇都宮広綱	北条氏政
宇都宮広綱	城井正房
宇都宮広綱	城井鎮房
宇都宮広綱	城井長房
宇都宮広綱	宇都宮国綱
宇都宮広綱	宇都宮尚綱
宇都宮広綱	宇都宮忠綱
宇都宮広綱	宇都宮成綱
宇都宮広綱	宇都宮興綱
宇都宮広綱	宇都宮豊綱
宇都宮広綱	小田氏治
宇都宮広綱	武田信玄
宇都宮広綱	結城政朝
宇都宮広綱	蒲池治久
宇都宮広綱	蒲池鎮漣
宇都宮広綱	蒲池鑑久
宇都宮広綱	蒲池鑑盛
宇都宮広綱	那須高資
宇都宮忠綱	上杉顕実
宇都宮忠綱	伊達稙宗
宇都宮忠綱	佐竹義舜
宇都宮忠綱	城井正房
宇都宮忠綱	城井鎮房
宇都宮忠綱	城井長房
宇都宮忠綱	宇都宮国綱
宇都宮忠綱	宇都宮尚綱
宇都宮忠綱	宇都宮広綱
宇都宮忠綱	宇都宮成綱
宇都宮忠綱	宇都宮興綱
宇都宮忠綱	宇都宮豊綱
宇都宮忠綱	岩城由隆
宇都宮忠綱	戦国大名
宇都宮忠綱	結城政朝
宇都宮忠綱	結城氏
宇都宮忠綱	蒲池治久
宇都宮忠綱	蒲池鎮漣
宇都宮忠綱	蒲池鑑久
宇都宮忠綱	蒲池鑑盛
宇都宮忠綱	足利成氏
宇都宮忠綱	足利政氏
宇都宮忠綱	足利高基
宇都宮忠綱	那須氏
宇都宮忠綱	那須資房
宇都宮忠綱	那須資親
宇都宮成綱	上杉顕実
宇都宮成綱	佐竹義舜
宇都宮成綱	城井正房
宇都宮成綱	城井鎮房
宇都宮成綱	城井長房
宇都宮成綱	宇都宮国綱
宇都宮成綱	宇都宮尚綱
宇都宮成綱	宇都宮広綱
宇都宮成綱	宇都宮忠綱
宇都宮成綱	宇都宮興綱
宇都宮成綱	宇都宮豊綱
宇都宮成綱	小田成治
宇都宮成綱	小田政治
宇都宮成綱	岩城由隆
宇都宮成綱	戦国大名
宇都宮成綱	戦国時代の人物一覧_(日本)
宇都宮成綱	結城政朝
宇都宮成綱	結城氏
宇都宮成綱	蒲池治久
宇都宮成綱	蒲池鎮漣
宇都宮成綱	蒲池鑑久
宇都宮成綱	蒲池鑑盛
宇都宮成綱	蘆名盛高
宇都宮成綱	足利成氏
宇都宮成綱	足利政氏
宇都宮成綱	足利高基
宇都宮成綱	那須氏
宇都宮成綱	那須資房
宇都宮成綱	那須資親
宇都宮興綱	上杉顕実
宇都宮興綱	城井正房
宇都宮興綱	城井鎮房
宇都宮興綱	城井長房
宇都宮興綱	宇都宮国綱
宇都宮興綱	宇都宮尚綱
宇都宮興綱	宇都宮広綱
宇都宮興綱	宇都宮忠綱
宇都宮興綱	宇都宮成綱
宇都宮興綱	宇都宮豊綱
宇都宮興綱	結城政朝
宇都宮興綱	蒲池治久
宇都宮興綱	蒲池鎮漣
宇都宮興綱	蒲池鑑久
宇都宮興綱	蒲池鑑盛
宇都宮興綱	足利高基
宇都宮豊綱	一条兼定
宇都宮豊綱	戦国大名
宇都宮豊綱	毛利氏
宇都宮豊綱	西園寺実充
安土桃山時代の人物一覧	一条兼定
安土桃山時代の人物一覧	一色義道
安土桃山時代の人物一覧	三好義継
安土桃山時代の人物一覧	三好長治
安土桃山時代の人物一覧	三村元親
安土桃山時代の人物一覧	三村家親
安土桃山時代の人物一覧	上杉景勝
安土桃山時代の人物一覧	二本松義継
安土桃山時代の人物一覧	二本松義綱
安土桃山時代の人物一覧	今川氏真
安土桃山時代の人物一覧	伊東義祐
安土桃山時代の人物一覧	伊達政宗
安土桃山時代の人物一覧	伊達輝宗
安土桃山時代の人物一覧	佐竹義宣_(右京大夫)
安土桃山時代の人物一覧	佐竹義重_(十八代当主)
安土桃山時代の人物一覧	六角義賢
安土桃山時代の人物一覧	別所長治
安土桃山時代の人物一覧	北条氏康
安土桃山時代の人物一覧	北条氏政
安土桃山時代の人物一覧	北条氏直
安土桃山時代の人物一覧	北畠具教
安土桃山時代の人物一覧	十河存保
安土桃山時代の人物一覧	南部信直
安土桃山時代の人物一覧	南部晴政
安土桃山時代の人物一覧	大友義統
安土桃山時代の人物一覧	大友義鎮
安土桃山時代の人物一覧	大村純忠
安土桃山時代の人物一覧	宇喜多直家
安土桃山時代の人物一覧	宇喜多秀家
安土桃山時代の人物一覧	宇都宮国綱
安土桃山時代の人物一覧	安東愛季
安土桃山時代の人物一覧	宗義智
安土桃山時代の人物一覧	小田氏治
安土桃山時代の人物一覧	尼子勝久
安土桃山時代の人物一覧	尼子義久
安土桃山時代の人物一覧	山名豊国
安土桃山時代の人物一覧	島津義久
安土桃山時代の人物一覧	徳川家康
安土桃山時代の人物一覧	戦国大名
安土桃山時代の人物一覧	戸沢盛安
安土桃山時代の人物一覧	最上義光
安土桃山時代の人物一覧	最上義守
安土桃山時代の人物一覧	有馬晴信
安土桃山時代の人物一覧	木曾義昌
安土桃山時代の人物一覧	村上武吉
安土桃山時代の人物一覧	松永久秀
安土桃山時代の人物一覧	松浦鎮信
安土桃山時代の人物一覧	松浦隆信
安土桃山時代の人物一覧	武田勝頼
安土桃山時代の人物一覧	毛利輝元
安土桃山時代の人物一覧	毛利隆元
安土桃山時代の人物一覧	波多野秀治
安土桃山時代の人物一覧	津軽為信
安土桃山時代の人物一覧	畠山義綱
安土桃山時代の人物一覧	畠山高政
安土桃山時代の人物一覧	相馬盛胤_(十五代当主)
安土桃山時代の人物一覧	相馬義胤_(十六代当主)
安土桃山時代の人物一覧	真田昌幸
安土桃山時代の人物一覧	秋田実季
安土桃山時代の人物一覧	筒井順慶
安土桃山時代の人物一覧	結城晴朝
安土桃山時代の人物一覧	織田信長
安土桃山時代の人物一覧	蘆名義広
安土桃山時代の人物一覧	蠣崎季広
安土桃山時代の人物一覧	豊臣秀吉
安土桃山時代の人物一覧	那須資胤
安土桃山時代の人物一覧	里見義弘
安土桃山時代の人物一覧	長宗我部元親
安土桃山時代の人物一覧	長野業正
安土桃山時代の人物一覧	龍造寺政家
安土桃山時代の人物一覧	龍造寺隆信
安東堯季	安東愛季
安東堯季	安東舜季
安東堯季	戦国大名
安東定季	安東堯季
安東定季	安東家政
安東定季	安東忠季
安東定季	安東恒季
安東定季	安東政季
安東定季	武田信広
安東定季	蠣崎季繁
安東家政	安東定季
安東家政	安東恒季
安東家政	安東政季
安東家政	蠣崎季繁
安東忠季	安東恒季
安東忠季	安東政季
安東忠季	戦国大名
安東忠季	蠣崎光広
安東恒季	安東定季
安東恒季	安東忠季
安東愛季	南部晴政
安東愛季	大宝寺氏
安東愛季	大宝寺義氏
安東愛季	安東舜季
安東愛季	戦国大名
安東愛季	戸沢盛安
安東愛季	松前慶広
安東愛季	浪岡顕村
安東愛季	秋田実季
安東愛季	織田信長
安東愛季	豊臣秀吉
安東政季	信濃村上氏
安東政季	千葉氏
安東政季	安東定季
安東政季	安東家政
安東政季	安東忠季
安東政季	松前慶広
安東政季	武田信広
安東政季	葛西氏
安東政季	蠣崎季繁
安東舜季	安東堯季
安東舜季	安東愛季
安東舜季	戦国大名
安東舜季	蠣崎季広
安芸氏	一条兼定
安芸氏	三好氏
安芸氏	本山氏
安芸氏	細川政元
安芸氏	細川高国
安芸氏	長宗我部元親
宍戸元源	大内義興
宍戸元源	毛利元就
宍戸元源	毛利氏
宗晴康	宗義調
宗晴康	戦国大名
宗義智	五島純玄
宗義智	大村喜前
宗義智	宗義調
宗義智	徳川家康
宗義智	有馬晴信
宗義智	松浦鎮信
宗義智	豊臣秀吉
宗義調	宗晴康
宗義調	宗義智
宗義調	戦国大名
宗義調	豊臣秀吉
寺西是成	豊臣秀吉
小寺則職_(戦国時代)	小寺政職
小寺則職_(戦国時代)	尼子晴久
小寺則職_(戦国時代)	毛利氏
小寺則職_(戦国時代)	浦上村宗
小寺則職_(戦国時代)	浦上氏
小寺則職_(戦国時代)	赤松晴政
小寺則職_(戦国時代)	赤松義村
小寺則職_(戦国時代)	赤松義祐
小寺政職	別所安治
小寺政職	別所長治
小寺政職	小寺則職_(戦国時代)
小寺政職	毛利氏
小寺政職	織田信長
小寺政職	豊臣秀吉
小寺政職	赤松晴政
小寺政職	赤松義祐
小山持政	小山秀綱
小山持政	小山高朝
小山持政	結城氏
小山持政	足利成氏
小山秀綱	上杉憲政
小山秀綱	上杉謙信
小山秀綱	佐竹義重_(十八代当主)
小山秀綱	北条氏康
小山秀綱	北条氏政
小山秀綱	宇都宮広綱
小山秀綱	小山持政
小山秀綱	小山高朝
小山秀綱	結城晴朝
小山秀綱	織田信長
小山秀綱	豊臣秀吉
小山秀綱	足利晴氏
小山秀綱	足利義氏_(古河公方)
小山高朝	上杉謙信
小山高朝	北条氏康
小山高朝	北条氏政
小山高朝	千葉胤富
小山高朝	小山持政
小山高朝	小山秀綱
小山高朝	結城政勝
小山高朝	結城政朝
小山高朝	結城政直
小山高朝	結城晴朝
小山高朝	結城氏
小山高朝	足利晴氏
小山高朝	足利義明
小山高朝	足利義氏_(古河公方)
小山高朝	足利高基
小峰義親	二階堂氏
小峰義親	伊達政宗
小峰義親	佐竹義重_(十八代当主)
小峰義親	北条氏政
小峰義親	白河結城氏
小峰義親	結城政朝_(白河氏)
小峰義親	結城晴綱
小峰義親	結城義綱
小峰義親	結城義顕
小峰義親	結城顕頼
小峰義親	蘆名盛氏
小峰義親	蘆名盛興
小峰義親	蘆名盛隆
小峰義親	蘆名義広
小峰義親	豊臣秀吉
小早川正平	大内義隆
小早川正平	小早川繁平
小早川繁平	大内義隆
小早川繁平	小早川正平
小早川繁平	尼子晴久
小早川繁平	毛利元就
小田成治	佐竹義篤_(十六代当主)
小田成治	大掾氏
小田成治	宇都宮成綱
小田成治	小田政治
小田政治	佐竹義篤_(十六代当主)
小田政治	佐竹義舜
小田政治	多賀谷氏
小田政治	宇都宮忠綱
小田政治	宇都宮成綱
小田政治	小田成治
小田政治	小田氏治
小田政治	岩城常隆
小田政治	岩城由隆
小田政治	戦国大名
小田政治	結城政勝
小田政治	結城政朝
小田政治	結城顕頼
小田政治	足利政氏
小田政治	足利晴氏
小田政治	足利高基
小田氏治	上杉謙信
小田氏治	佐竹義宣_(右京大夫)
小田氏治	佐竹義昭
小田氏治	佐竹義重_(十八代当主)
小田氏治	北条氏康
小田氏治	北条氏政
小田氏治	千葉氏
小田氏治	多賀谷重経
小田氏治	宇都宮広綱
小田氏治	小山秀綱
小田氏治	小山高朝
小田氏治	小田政治
小田氏治	徳川家康
小田氏治	戦国大名
小田氏治	武田信玄
小田氏治	江戸忠通
小田氏治	相馬氏
小田氏治	結城政勝
小田氏治	結城晴朝
小田氏治	豊臣秀吉
小田氏治	足利義氏_(古河公方)
小田氏治	那須資胤
小笠原政秀	小笠原清宗
小笠原政秀	小笠原貞朝
小笠原政秀	小笠原長朝
小笠原政秀	小笠原長棟
小笠原清宗	小笠原政秀
小笠原清宗	小笠原貞朝
小笠原清宗	小笠原長時
小笠原清宗	小笠原長朝
小笠原清宗	小笠原長棟
小笠原清宗	武田信昌
小笠原貞朝	今川氏親
小笠原貞朝	小笠原清宗
小笠原貞朝	小笠原長時
小笠原貞朝	小笠原長朝
小笠原貞朝	小笠原長棟
小笠原貞朝	斯波義寛
小笠原長時	三好氏
小笠原長時	三好長慶
小笠原長時	上杉謙信
小笠原長時	小笠原清宗
小笠原長時	小笠原貞朝
小笠原長時	小笠原長朝
小笠原長時	小笠原長棟
小笠原長時	戦国大名
小笠原長時	村上義清
小笠原長時	武田信玄
小笠原長時	織田信長
小笠原長時	蘆名盛氏
小笠原長朝	六角高頼
小笠原長朝	小笠原政秀
小笠原長朝	小笠原清宗
小笠原長朝	小笠原貞朝
小笠原長朝	小笠原長時
小笠原長朝	小笠原長棟
小笠原長朝	武田信昌
小笠原長棟	小笠原清宗
小笠原長棟	小笠原貞朝
小笠原長棟	小笠原長時
小笠原長棟	小笠原長朝
小笠原長棟	戦国大名
小笠原長棟	村上氏
小笠原長棟	村上義清
小笠原長棟	諏訪頼重_(戦国時代)
小野寺景道	大宝寺氏
小野寺景道	小野寺稙道
小野寺景道	小野寺義道
小野寺景道	織田信長
小野寺稙道	小野寺景道
小野寺稙道	戦国大名
小野寺義道	上杉景勝
小野寺義道	小野寺景道
小野寺義道	徳川家康
小野寺義道	戸沢盛安
小野寺義道	最上義光
小野寺義道	由利十二頭
小野寺義道	豊臣秀吉
少弐冬尚	少弐資元
少弐冬尚	龍造寺家兼
少弐冬尚	龍造寺隆信
少弐資元	大内義隆
少弐資元	大友親治
少弐資元	少弐冬尚
少弐資元	龍造寺家兼
尼子勝久	別所長治
尼子勝久	宇喜多直家
尼子勝久	尼子晴久
尼子勝久	山名豊国
尼子勝久	毛利元就
尼子勝久	毛利氏
尼子勝久	織田信長
尼子勝久	豊臣秀吉
尼子晴久	三村家親
尼子晴久	別所就治
尼子晴久	大内義長
尼子晴久	大内義隆
尼子晴久	大友義鑑
尼子晴久	小早川正平
尼子晴久	尼子経久
尼子晴久	尼子義久
尼子晴久	山名祐豊
尼子晴久	戦国大名
尼子晴久	松田氏
尼子晴久	毛利元就
尼子晴久	毛利氏
尼子晴久	浦上宗景
尼子晴久	浦上政宗
尼子晴久	赤松晴政
尼子経久	京極政経
尼子経久	北条早雲
尼子経久	大内義興
尼子経久	宇喜多直家
尼子経久	尼子晴久
尼子経久	尼子義久
尼子経久	戦国大名
尼子経久	毛利元就
尼子経久	毛利氏
尼子経久	細川高国
尼子経久	赤松晴政
尼子義久	大友義鎮
尼子義久	尼子勝久
尼子義久	尼子晴久
尼子義久	尼子経久
尼子義久	戦国大名
尼子義久	毛利元就
尼子義久	毛利氏
尼子義久	毛利輝元
山内上杉家	上杉憲寛
山内上杉家	上杉憲房_(戦国時代)
山内上杉家	上杉憲政
山内上杉家	上杉憲盛
山内上杉家	上杉憲賢
山内上杉家	上杉景勝
山内上杉家	上杉謙信
山内上杉家	上杉顕定
山内上杉家	上杉顕実
山内上杉家	横瀬氏
山内上杉家	深谷上杉家
山内上杉家	長尾氏
山内上杉家	長尾為景
山内上杉家	長野業正
山内上杉家	長野業盛
山名政豊	六角高頼
山名政豊	大内政弘
山名政豊	山名致豊
山名政豊	山名誠豊
山名政豊	畠山義就
山名政豊	細川政元
山名祐豊	一色義道
山名祐豊	尼子勝久
山名祐豊	山名致豊
山名祐豊	山名誠豊
山名祐豊	山名豊定
山名祐豊	山名豊数
山名祐豊	戦国大名
山名祐豊	毛利元就
山名祐豊	波多野秀治
山名祐豊	織田信長
山名祐豊	豊臣秀吉
山名致豊	山名政豊
山名致豊	山名祐豊
山名致豊	山名誠豊
山名致豊	山名豊定
山名誠豊	山名政豊
山名誠豊	山名祐豊
山名誠豊	山名致豊
山名誠豊	浦上氏
山名豊国	山名祐豊
山名豊国	山名豊定
山名豊国	山名豊数
山名豊国	徳川家康
山名豊国	毛利氏
山名豊国	毛利輝元
山名豊国	細川高国
山名豊国	織田信長
山名豊国	豊臣秀吉
山名豊定	尼子晴久
山名豊定	山名祐豊
山名豊定	山名致豊
山名豊定	山名誠豊
山名豊定	山名豊国
山名豊定	山名豊数
山名豊定	戦国大名
山名豊定	毛利氏
山名豊定	細川高国
山名豊数	山名祐豊
山名豊数	山名豊国
山名豊数	山名豊定
山名豊数	戦国大名
山名豊数	毛利氏
山名豊数	細川高国
山本寺上杉家	上杉定実
山本寺上杉家	長尾氏
山本寺上杉家	長尾為景
岩城常隆	二階堂盛義
岩城常隆	伊達政宗
岩城常隆	伊達輝宗
岩城常隆	佐竹義昭
岩城常隆	佐竹義重_(十八代当主)
岩城常隆	岩城常隆_(下総守)
岩城常隆	岩城親隆
岩城常隆	豊臣秀吉
岩城常隆_(下総守)	伊達政宗
岩城常隆_(下総守)	佐竹義舜
岩城常隆_(下総守)	岩城常隆
岩城常隆_(下総守)	岩城由隆
岩城常隆_(下総守)	岩城親隆_(下総守)
岩城常隆_(下総守)	田村義顕
岩城常隆_(下総守)	白河結城氏
岩城常隆_(下総守)	結城顕頼
岩城常隆_(下総守)	那須政資
岩城常隆_(下総守)	那須氏
岩城常隆_(下総守)	那須資房
岩城由隆	伊達政宗
岩城由隆	岩城常隆_(下総守)
岩城由隆	岩城親隆_(下総守)
岩城由隆	岩城重隆
岩城由隆	戦国大名
岩城由隆	白河結城氏
岩城由隆	結城氏
岩城由隆	足利政氏
岩城由隆	足利高基
岩城由隆	那須氏
岩城親隆	二階堂氏
岩城親隆	二階堂盛義
岩城親隆	伊達政宗
岩城親隆	伊達晴宗
岩城親隆	伊達稙宗
岩城親隆	伊達輝宗
岩城親隆	佐竹義昭
岩城親隆	佐竹義重_(十八代当主)
岩城親隆	岩城常隆
岩城親隆	岩城親隆_(下総守)
岩城親隆	岩城重隆
岩城親隆	戦国大名
岩城親隆	白河結城氏
岩城親隆_(下総守)	岩城常隆_(下総守)
岩城親隆_(下総守)	岩城親隆
岩城親隆_(下総守)	白河結城氏
岩城親隆_(下総守)	相馬氏
岩城親隆_(下総守)	相馬高胤
岩城重隆	二本松氏
岩城重隆	伊達政宗
岩城重隆	伊達晴宗
岩城重隆	伊達稙宗
岩城重隆	佐竹義昭
岩城重隆	佐竹義重_(十八代当主)
岩城重隆	岩城由隆
岩城重隆	岩城親隆
岩城重隆	戦国大名
岩城重隆	白河結城氏
岩城重隆	相馬氏
岩城重隆	蘆名盛氏
岩松守純	徳川家康
岩松守純	戦国大名
岩松尚純	岩松昌純
岩松尚純	横瀬氏
岩松尚純	足利成氏
岩松昌純	岩松尚純
岩松昌純	横瀬氏
島津勝久	北原氏
島津勝久	大友政親
島津勝久	島津忠昌
島津勝久	島津忠治
島津勝久	島津忠隆
島津勝久	島津立久
島津勝久	島津義久
島津勝久	島津貴久
島津忠昌	伊東尹祐
島津忠昌	伊東祐国
島津忠昌	大友政親
島津忠昌	島津勝久
島津忠昌	島津忠治
島津忠昌	島津忠隆
島津忠昌	島津立久
島津忠昌	島津義久
島津忠昌	島津貴久
島津忠治	伊東尹祐
島津忠治	大友政親
島津忠治	島津勝久
島津忠治	島津忠昌
島津忠治	島津忠隆
島津忠治	島津立久
島津忠治	島津義久
島津忠治	島津貴久
島津忠隆	大友政親
島津忠隆	島津勝久
島津忠隆	島津忠昌
島津忠隆	島津忠治
島津忠隆	島津立久
島津忠隆	島津義久
島津忠隆	島津貴久
島津立久	島津勝久
島津立久	島津忠昌
島津立久	島津忠治
島津立久	島津忠隆
島津立久	島津義久
島津立久	島津貴久
島津義久	伊東義祐
島津義久	十河存保
島津義久	大友義統
島津義久	大友義鎮
島津義久	宗義智
島津義久	島津勝久
島津義久	島津忠昌
島津義久	島津忠治
島津義久	島津忠隆
島津義久	島津立久
島津義久	島津貴久
島津義久	徳川家康
島津義久	戦国大名
島津義久	有馬晴信
島津義久	毛利氏
島津義久	秋月種実
島津義久	織田信長
島津義久	豊臣秀吉
島津義久	長宗我部元親
島津義久	阿蘇惟光
島津義久	龍造寺政家
島津義久	龍造寺隆信
島津貴久	島津勝久
島津貴久	島津忠昌
島津貴久	島津忠治
島津貴久	島津忠隆
島津貴久	島津立久
島津貴久	島津義久
島津貴久	戦国大名
島津貴久	肝付兼続
島津貴久	肝付兼興
徳川家康	上杉憲政
徳川家康	上杉景勝
徳川家康	上杉謙信
徳川家康	今川氏真
徳川家康	今川義元
徳川家康	伊達政宗
徳川家康	佐竹義宣_(右京大夫)
徳川家康	六角義賢
徳川家康	北条氏康
徳川家康	北条氏政
徳川家康	北条氏直
徳川家康	大内義興
徳川家康	宇喜多秀家
徳川家康	宗義智
徳川家康	島津義久
徳川家康	徳川家康
徳川家康	戦国大名
徳川家康	最上義光
徳川家康	朝倉義景
徳川家康	木曾義昌
徳川家康	松前慶広
徳川家康	松平信忠
徳川家康	松平広忠
徳川家康	松平清康
徳川家康	松平親忠
徳川家康	松平長親
徳川家康	松永久秀
徳川家康	武田信玄
徳川家康	武田勝頼
徳川家康	毛利氏
徳川家康	毛利輝元
徳川家康	水野信元
徳川家康	江戸重通
徳川家康	浅井長政
徳川家康	真田昌幸
徳川家康	細川政元
徳川家康	細川晴元
徳川家康	細川高国
徳川家康	織田信秀
徳川家康	織田信長
徳川家康	豊臣秀吉
徳川家康	里見義康
徳川家康	長宗我部元親
戦国大名	三好氏
戦国大名	二本松氏
戦国大名	二階堂氏
戦国大名	伊達政宗
戦国大名	佐野氏
戦国大名	内藤氏
戦国大名	北原氏
戦国大名	北条早雲
戦国大名	北畠晴具
戦国大名	千葉氏
戦国大名	南条氏
戦国大名	多賀谷氏
戦国大名	大宝寺氏
戦国大名	安芸氏
戦国大名	宗義智
戦国大名	徳川家康
戦国大名	斎藤道三
戦国大名	斯波氏
戦国大名	有馬義純
戦国大名	本山氏
戦国大名	村上氏
戦国大名	松永氏
戦国大名	松田氏
戦国大名	横瀬氏
戦国大名	毛利元就
戦国大名	毛利氏
戦国大名	毛利輝元
戦国大名	毛利隆元
戦国大名	波多野氏
戦国大名	浅井長政
戦国大名	浦上氏
戦国大名	浪岡氏
戦国大名	畠山氏
戦国大名	白河結城氏
戦国大名	相馬氏
戦国大名	神保氏
戦国大名	秋月種実
戦国大名	筒井氏
戦国大名	結城氏
戦国大名	織田信長
戦国大名	美作後藤氏
戦国大名	葛西氏
戦国大名	豊臣秀吉
戦国大名	那須氏
戦国大名	長宗我部国親
戦国大名	長尾氏
戦国大名	阿蘇惟豊
戦国時代の人物一覧_(日本)	一条房家
戦国時代の人物一覧_(日本)	一色義幸
戦国時代の人物一覧_(日本)	一色義道
戦国時代の人物一覧_(日本)	三好康長
戦国時代の人物一覧_(日本)	三好義継
戦国時代の人物一覧_(日本)	三好長慶
戦国時代の人物一覧_(日本)	三好長治
戦国時代の人物一覧_(日本)	三木直頼
戦国時代の人物一覧_(日本)	三村元親
戦国時代の人物一覧_(日本)	三村宗親
戦国時代の人物一覧_(日本)	三村家親
戦国時代の人物一覧_(日本)	三浦義同
戦国時代の人物一覧_(日本)	上杉憲寛
戦国時代の人物一覧_(日本)	上杉憲房_(戦国時代)
戦国時代の人物一覧_(日本)	上杉憲政
戦国時代の人物一覧_(日本)	上杉謙信
戦国時代の人物一覧_(日本)	上杉顕定
戦国時代の人物一覧_(日本)	二本松家泰
戦国時代の人物一覧_(日本)	二本松政国
戦国時代の人物一覧_(日本)	二本松村国
戦国時代の人物一覧_(日本)	二本松義国
戦国時代の人物一覧_(日本)	二本松義氏
戦国時代の人物一覧_(日本)	二本松義継
戦国時代の人物一覧_(日本)	二本松義綱
戦国時代の人物一覧_(日本)	二階堂晴行
戦国時代の人物一覧_(日本)	二階堂照行
戦国時代の人物一覧_(日本)	二階堂盛義
戦国時代の人物一覧_(日本)	二階堂行親
戦国時代の人物一覧_(日本)	二階堂行詮
戦国時代の人物一覧_(日本)	京極高清
戦国時代の人物一覧_(日本)	今川氏真
戦国時代の人物一覧_(日本)	今川氏親
戦国時代の人物一覧_(日本)	今川氏輝
戦国時代の人物一覧_(日本)	今川義元
戦国時代の人物一覧_(日本)	伊東義祐
戦国時代の人物一覧_(日本)	伊達尚宗
戦国時代の人物一覧_(日本)	伊達晴宗
戦国時代の人物一覧_(日本)	伊達稙宗
戦国時代の人物一覧_(日本)	伊達輝宗
戦国時代の人物一覧_(日本)	佐竹義昭
戦国時代の人物一覧_(日本)	佐竹義篤_(十六代当主)
戦国時代の人物一覧_(日本)	佐竹義舜
戦国時代の人物一覧_(日本)	佐竹義重_(十八代当主)
戦国時代の人物一覧_(日本)	佐野宗綱
戦国時代の人物一覧_(日本)	佐野房綱
戦国時代の人物一覧_(日本)	佐野昌綱
戦国時代の人物一覧_(日本)	六角定頼
戦国時代の人物一覧_(日本)	六角氏綱
戦国時代の人物一覧_(日本)	六角義治
戦国時代の人物一覧_(日本)	六角義賢
戦国時代の人物一覧_(日本)	六角高頼
戦国時代の人物一覧_(日本)	別所安治
戦国時代の人物一覧_(日本)	別所就治
戦国時代の人物一覧_(日本)	別所長治
戦国時代の人物一覧_(日本)	北条早雲
戦国時代の人物一覧_(日本)	北条氏康
戦国時代の人物一覧_(日本)	北条氏綱
戦国時代の人物一覧_(日本)	北畠具房
戦国時代の人物一覧_(日本)	北畠具教
戦国時代の人物一覧_(日本)	北畠晴具
戦国時代の人物一覧_(日本)	十市遠勝
戦国時代の人物一覧_(日本)	十市遠忠
戦国時代の人物一覧_(日本)	十河存保
戦国時代の人物一覧_(日本)	千葉利胤
戦国時代の人物一覧_(日本)	千葉勝胤
戦国時代の人物一覧_(日本)	千葉昌胤
戦国時代の人物一覧_(日本)	千葉胤富
戦国時代の人物一覧_(日本)	千葉良胤
戦国時代の人物一覧_(日本)	千葉親胤
戦国時代の人物一覧_(日本)	千葉邦胤
戦国時代の人物一覧_(日本)	南部信時
戦国時代の人物一覧_(日本)	南部信義
戦国時代の人物一覧_(日本)	南部安信
戦国時代の人物一覧_(日本)	南部政康
戦国時代の人物一覧_(日本)	南部晴政
戦国時代の人物一覧_(日本)	南部晴継
戦国時代の人物一覧_(日本)	原田隆種
戦国時代の人物一覧_(日本)	土岐政房
戦国時代の人物一覧_(日本)	土岐頼武
戦国時代の人物一覧_(日本)	土岐頼純
戦国時代の人物一覧_(日本)	土岐頼芸
戦国時代の人物一覧_(日本)	土持親成
戦国時代の人物一覧_(日本)	多賀谷重経
戦国時代の人物一覧_(日本)	大内義興
戦国時代の人物一覧_(日本)	大内義長
戦国時代の人物一覧_(日本)	大内義隆
戦国時代の人物一覧_(日本)	大友義鑑
戦国時代の人物一覧_(日本)	大宝寺晴時
戦国時代の人物一覧_(日本)	大宝寺義増
戦国時代の人物一覧_(日本)	大宝寺義氏
戦国時代の人物一覧_(日本)	大宝寺義興
戦国時代の人物一覧_(日本)	大崎義直
戦国時代の人物一覧_(日本)	大崎義隆
戦国時代の人物一覧_(日本)	大村純前
戦国時代の人物一覧_(日本)	大村純忠
戦国時代の人物一覧_(日本)	姉小路良頼
戦国時代の人物一覧_(日本)	姉小路頼綱
戦国時代の人物一覧_(日本)	宇久純尭
戦国時代の人物一覧_(日本)	宇喜多直家
戦国時代の人物一覧_(日本)	宇都宮国綱
戦国時代の人物一覧_(日本)	宇都宮尚綱
戦国時代の人物一覧_(日本)	宇都宮広綱
戦国時代の人物一覧_(日本)	宇都宮忠綱
戦国時代の人物一覧_(日本)	宇都宮成綱
戦国時代の人物一覧_(日本)	宇都宮興綱
戦国時代の人物一覧_(日本)	宇都宮豊綱
戦国時代の人物一覧_(日本)	安土桃山時代の人物一覧
戦国時代の人物一覧_(日本)	安東堯季
戦国時代の人物一覧_(日本)	安東愛季
戦国時代の人物一覧_(日本)	安東舜季
戦国時代の人物一覧_(日本)	宍戸元源
戦国時代の人物一覧_(日本)	宗晴康
戦国時代の人物一覧_(日本)	宗義調
戦国時代の人物一覧_(日本)	富樫幸千代
戦国時代の人物一覧_(日本)	小寺政職
戦国時代の人物一覧_(日本)	小山秀綱
戦国時代の人物一覧_(日本)	小山高朝
戦国時代の人物一覧_(日本)	小早川正平
戦国時代の人物一覧_(日本)	小早川繁平
戦国時代の人物一覧_(日本)	小田政治
戦国時代の人物一覧_(日本)	小笠原政秀
戦国時代の人物一覧_(日本)	小笠原貞朝
戦国時代の人物一覧_(日本)	小笠原長棟
戦国時代の人物一覧_(日本)	小野寺景道
戦国時代の人物一覧_(日本)	小野寺稙道
戦国時代の人物一覧_(日本)	小野寺義道
戦国時代の人物一覧_(日本)	少弐冬尚
戦国時代の人物一覧_(日本)	少弐資元
戦国時代の人物一覧_(日本)	尼子勝久
戦国時代の人物一覧_(日本)	尼子晴久
戦国時代の人物一覧_(日本)	尼子経久
戦国時代の人物一覧_(日本)	尼子義久
戦国時代の人物一覧_(日本)	山名政豊
戦国時代の人物一覧_(日本)	山名祐豊
戦国時代の人物一覧_(日本)	山名致豊
戦国時代の人物一覧_(日本)	山名誠豊
戦国時代の人物一覧_(日本)	岩城親隆
戦国時代の人物一覧_(日本)	岩松守純
戦国時代の人物一覧_(日本)	島津勝久
戦国時代の人物一覧_(日本)	島津忠昌
戦国時代の人物一覧_(日本)	島津忠治
戦国時代の人物一覧_(日本)	島津忠隆
戦国時代の人物一覧_(日本)	島津立久
戦国時代の人物一覧_(日本)	島津義久
戦国時代の人物一覧_(日本)	島津貴久
戦国時代の人物一覧_(日本)	戦国大名
戦国時代の人物一覧_(日本)	戸沢盛安
戦国時代の人物一覧_(日本)	戸沢盛重
戦国時代の人物一覧_(日本)	戸沢道盛
戦国時代の人物一覧_(日本)	斎藤義龍
戦国時代の人物一覧_(日本)	斎藤道三
戦国時代の人物一覧_(日本)	斎藤龍興
戦国時代の人物一覧_(日本)	斯波経詮
戦国時代の人物一覧_(日本)	斯波義統
戦国時代の人物一覧_(日本)	斯波詮直
戦国時代の人物一覧_(日本)	斯波詮真
戦国時代の人物一覧_(日本)	斯波詮高
戦国時代の人物一覧_(日本)	最上満氏
戦国時代の人物一覧_(日本)	最上義守
戦国時代の人物一覧_(日本)	最上義定
戦国時代の人物一覧_(日本)	最上義淳
戦国時代の人物一覧_(日本)	最上義秋
戦国時代の人物一覧_(日本)	有馬晴信
戦国時代の人物一覧_(日本)	有馬晴純
戦国時代の人物一覧_(日本)	有馬義貞
戦国時代の人物一覧_(日本)	朝倉孝景_(10代当主)
戦国時代の人物一覧_(日本)	朝倉氏景_(8代当主)
戦国時代の人物一覧_(日本)	朝倉義景
戦国時代の人物一覧_(日本)	朝倉貞景_(9代当主)
戦国時代の人物一覧_(日本)	木曾義康
戦国時代の人物一覧_(日本)	木曾義昌
戦国時代の人物一覧_(日本)	本山茂宗
戦国時代の人物一覧_(日本)	本山茂辰
戦国時代の人物一覧_(日本)	本山親茂
戦国時代の人物一覧_(日本)	村上武吉
戦国時代の人物一覧_(日本)	村上義忠
戦国時代の人物一覧_(日本)	村上義清
戦国時代の人物一覧_(日本)	松平信忠
戦国時代の人物一覧_(日本)	松平広忠
戦国時代の人物一覧_(日本)	松平清康
戦国時代の人物一覧_(日本)	松平親忠
戦国時代の人物一覧_(日本)	松平長親
戦国時代の人物一覧_(日本)	松永久秀
戦国時代の人物一覧_(日本)	松永長頼
戦国時代の人物一覧_(日本)	松浦興信
戦国時代の人物一覧_(日本)	桐生助綱
戦国時代の人物一覧_(日本)	武田信広
戦国時代の人物一覧_(日本)	武田信昌
戦国時代の人物一覧_(日本)	武田信玄
戦国時代の人物一覧_(日本)	武田信縄
戦国時代の人物一覧_(日本)	武田信虎
戦国時代の人物一覧_(日本)	武田信親
戦国時代の人物一覧_(日本)	武田信豊_(若狭武田氏)
戦国時代の人物一覧_(日本)	武田信重_(安芸武田氏)
戦国時代の人物一覧_(日本)	武田信高
戦国時代の人物一覧_(日本)	武田元信
戦国時代の人物一覧_(日本)	武田元光
戦国時代の人物一覧_(日本)	武田元明
戦国時代の人物一覧_(日本)	武田元綱
戦国時代の人物一覧_(日本)	武田元繁
戦国時代の人物一覧_(日本)	武田光和
戦国時代の人物一覧_(日本)	武田勝頼
戦国時代の人物一覧_(日本)	武田義統
戦国時代の人物一覧_(日本)	毛利元就
戦国時代の人物一覧_(日本)	毛利隆元
戦国時代の人物一覧_(日本)	水野信元
戦国時代の人物一覧_(日本)	江戸忠通
戦国時代の人物一覧_(日本)	江戸通泰
戦国時代の人物一覧_(日本)	池田勝正
戦国時代の人物一覧_(日本)	河野通宣_(刑部大輔)
戦国時代の人物一覧_(日本)	河野通宣_(左京大夫)
戦国時代の人物一覧_(日本)	河野通直_(伊予守)
戦国時代の人物一覧_(日本)	河野通直_(弾正少弼)
戦国時代の人物一覧_(日本)	波多野晴通
戦国時代の人物一覧_(日本)	波多野秀治
戦国時代の人物一覧_(日本)	波多野稙通
戦国時代の人物一覧_(日本)	浅井久政
戦国時代の人物一覧_(日本)	浅井亮政
戦国時代の人物一覧_(日本)	浅井長政
戦国時代の人物一覧_(日本)	浦上宗景
戦国時代の人物一覧_(日本)	浦上政宗
戦国時代の人物一覧_(日本)	浦上村宗
戦国時代の人物一覧_(日本)	浪岡具永
戦国時代の人物一覧_(日本)	浪岡具統
戦国時代の人物一覧_(日本)	浪岡具運
戦国時代の人物一覧_(日本)	浪岡顕村
戦国時代の人物一覧_(日本)	田村宗顕_(戦国大名)
戦国時代の人物一覧_(日本)	田村清顕
戦国時代の人物一覧_(日本)	田村義顕
戦国時代の人物一覧_(日本)	田村隆顕
戦国時代の人物一覧_(日本)	畠山在氏
戦国時代の人物一覧_(日本)	畠山尚順
戦国時代の人物一覧_(日本)	畠山政国
戦国時代の人物一覧_(日本)	畠山政尚
戦国時代の人物一覧_(日本)	畠山政長
戦国時代の人物一覧_(日本)	畠山春王丸
戦国時代の人物一覧_(日本)	畠山昭高
戦国時代の人物一覧_(日本)	畠山稙長
戦国時代の人物一覧_(日本)	畠山義堯
戦国時代の人物一覧_(日本)	畠山義就
戦国時代の人物一覧_(日本)	畠山義慶
戦国時代の人物一覧_(日本)	畠山義統
戦国時代の人物一覧_(日本)	畠山義続
戦国時代の人物一覧_(日本)	畠山義綱
戦国時代の人物一覧_(日本)	畠山義総
戦国時代の人物一覧_(日本)	畠山義豊
戦国時代の人物一覧_(日本)	畠山義隆
戦国時代の人物一覧_(日本)	畠山長経
戦国時代の人物一覧_(日本)	畠山高政
戦国時代の人物一覧_(日本)	相良晴広
戦国時代の人物一覧_(日本)	相良義滋
戦国時代の人物一覧_(日本)	相良義陽
戦国時代の人物一覧_(日本)	相馬盛胤_(十三代当主)
戦国時代の人物一覧_(日本)	相馬盛胤_(十五代当主)
戦国時代の人物一覧_(日本)	相馬義胤_(十六代当主)
戦国時代の人物一覧_(日本)	相馬顕胤
戦国時代の人物一覧_(日本)	相馬高胤
戦国時代の人物一覧_(日本)	真田昌幸
戦国時代の人物一覧_(日本)	真里谷信勝
戦国時代の人物一覧_(日本)	真里谷信応
戦国時代の人物一覧_(日本)	真里谷信政
戦国時代の人物一覧_(日本)	真里谷信興
戦国時代の人物一覧_(日本)	真里谷恕鑑
戦国時代の人物一覧_(日本)	神保慶宗
戦国時代の人物一覧_(日本)	神保長職
戦国時代の人物一覧_(日本)	秋月文種
戦国時代の人物一覧_(日本)	秋月種実
戦国時代の人物一覧_(日本)	秋田実季
戦国時代の人物一覧_(日本)	筒井定慶
戦国時代の人物一覧_(日本)	筒井定次
戦国時代の人物一覧_(日本)	筒井順慶
戦国時代の人物一覧_(日本)	筒井順政
戦国時代の人物一覧_(日本)	筒井順昭
戦国時代の人物一覧_(日本)	筒井順興
戦国時代の人物一覧_(日本)	細川成之
戦国時代の人物一覧_(日本)	細川政元
戦国時代の人物一覧_(日本)	細川晴元
戦国時代の人物一覧_(日本)	細川氏綱
戦国時代の人物一覧_(日本)	細川澄元
戦国時代の人物一覧_(日本)	細川高国
戦国時代の人物一覧_(日本)	結城政勝
戦国時代の人物一覧_(日本)	結城政朝
戦国時代の人物一覧_(日本)	結城政直
戦国時代の人物一覧_(日本)	結城晴朝
戦国時代の人物一覧_(日本)	結城晴綱
戦国時代の人物一覧_(日本)	織田信秀
戦国時代の人物一覧_(日本)	織田信長
戦国時代の人物一覧_(日本)	肝付兼続
戦国時代の人物一覧_(日本)	肝付兼興
戦国時代の人物一覧_(日本)	菊池義武
戦国時代の人物一覧_(日本)	葛西晴信
戦国時代の人物一覧_(日本)	葛西晴胤
戦国時代の人物一覧_(日本)	蒲池鎮漣
戦国時代の人物一覧_(日本)	蒲池鑑久
戦国時代の人物一覧_(日本)	蒲池鑑盛
戦国時代の人物一覧_(日本)	蘆名盛氏
戦国時代の人物一覧_(日本)	蘆名盛興
戦国時代の人物一覧_(日本)	蘆名盛隆
戦国時代の人物一覧_(日本)	蠣崎季広
戦国時代の人物一覧_(日本)	西園寺公広
戦国時代の人物一覧_(日本)	西園寺実充
戦国時代の人物一覧_(日本)	設楽貞通
戦国時代の人物一覧_(日本)	諏訪頼満_(安芸守)
戦国時代の人物一覧_(日本)	諏訪頼重_(戦国時代)
戦国時代の人物一覧_(日本)	赤松晴政
戦国時代の人物一覧_(日本)	赤松義村
戦国時代の人物一覧_(日本)	赤松義祐
戦国時代の人物一覧_(日本)	足利成氏
戦国時代の人物一覧_(日本)	足利政氏
戦国時代の人物一覧_(日本)	足利晴氏
戦国時代の人物一覧_(日本)	足利義明
戦国時代の人物一覧_(日本)	足利義氏_(古河公方)
戦国時代の人物一覧_(日本)	足利高基
戦国時代の人物一覧_(日本)	遠山景任
戦国時代の人物一覧_(日本)	那須政資
戦国時代の人物一覧_(日本)	那須明資
戦国時代の人物一覧_(日本)	那須資実
戦国時代の人物一覧_(日本)	那須資房
戦国時代の人物一覧_(日本)	那須資晴
戦国時代の人物一覧_(日本)	那須資胤
戦国時代の人物一覧_(日本)	那須資親
戦国時代の人物一覧_(日本)	那須資重
戦国時代の人物一覧_(日本)	那須高資
戦国時代の人物一覧_(日本)	里見成義
戦国時代の人物一覧_(日本)	里見義堯
戦国時代の人物一覧_(日本)	里見義康
戦国時代の人物一覧_(日本)	里見義弘
戦国時代の人物一覧_(日本)	里見義豊
戦国時代の人物一覧_(日本)	里見義通
戦国時代の人物一覧_(日本)	里見義重
戦国時代の人物一覧_(日本)	里見義頼
戦国時代の人物一覧_(日本)	長宗我部元門
戦国時代の人物一覧_(日本)	長宗我部兼序
戦国時代の人物一覧_(日本)	長宗我部国親
戦国時代の人物一覧_(日本)	長宗我部雄親
戦国時代の人物一覧_(日本)	長尾晴景
戦国時代の人物一覧_(日本)	長尾為景
戦国時代の人物一覧_(日本)	長尾能景
戦国時代の人物一覧_(日本)	長野具藤
戦国時代の人物一覧_(日本)	長野業正
戦国時代の人物一覧_(日本)	長野業盛
戦国時代の人物一覧_(日本)	長野稙藤
戦国時代の人物一覧_(日本)	長野藤定
戦国時代の人物一覧_(日本)	長野藤直
戦国時代の人物一覧_(日本)	長野藤継
戦国時代の人物一覧_(日本)	長野通藤
戦国時代の人物一覧_(日本)	阿蘇惟将
戦国時代の人物一覧_(日本)	阿蘇惟豊
戦国時代の人物一覧_(日本)	高橋長種
戦国時代の人物一覧_(日本)	高橋高種
戦国時代の人物一覧_(日本)	龍造寺家兼
戸沢盛安	戸沢盛重
戸沢盛安	戸沢道盛
戸沢盛安	織田信長
戸沢盛安	豊臣秀吉
戸沢盛重	戦国大名
戸沢盛重	戸沢盛安
戸沢盛重	戸沢道盛
戸沢秀盛	戦国大名
戸沢秀盛	戸沢道盛
戸沢道盛	戦国大名
戸沢道盛	戸沢盛安
戸沢道盛	戸沢盛重
戸沢道盛	戸沢秀盛
斎藤元忠	斎藤義龍
斎藤元忠	斎藤道三
斎藤義龍	一色義清_(左京大夫)
斎藤義龍	六角義賢
斎藤義龍	土岐頼純
斎藤義龍	土岐頼芸
斎藤義龍	姉小路頼綱
斎藤義龍	戦国大名
斎藤義龍	斎藤道三
斎藤義龍	斎藤龍興
斎藤義龍	浅井久政
斎藤義龍	浅井亮政
斎藤義龍	織田信長
斎藤道三	六角義賢
斎藤道三	北条早雲
斎藤道三	土岐頼武
斎藤道三	土岐頼純
斎藤道三	土岐頼芸
斎藤道三	姉小路頼綱
斎藤道三	戦国大名
斎藤道三	斎藤義龍
斎藤道三	斎藤龍興
斎藤道三	朝倉孝景_(10代当主)
斎藤道三	織田信秀
斎藤道三	織田信長
斎藤龍興	三好康長
斎藤龍興	六角義賢
斎藤龍興	十河存保
斎藤龍興	戦国大名
斎藤龍興	斎藤義龍
斎藤龍興	斎藤道三
斎藤龍興	朝倉義景
斎藤龍興	浅井久政
斎藤龍興	浅井亮政
斎藤龍興	浅井長政
斎藤龍興	織田信長
斯波氏	上杉景勝
斯波氏	今川氏親
斯波氏	伊達政宗
斯波氏	伊達稙宗
斯波氏	六角高頼
斯波氏	南部信直
斯波氏	南部晴政
斯波氏	大崎教兼
斯波氏	大崎義宣
斯波氏	大崎義直
斯波氏	大崎義隆
斯波氏	徳川家康
斯波氏	戦国大名
斯波氏	斯波氏
斯波氏	斯波経詮
斯波氏	斯波義寛
斯波氏	斯波義統
斯波氏	斯波詮直
斯波氏	斯波詮真
斯波氏	斯波詮高
斯波氏	最上義光
斯波氏	最上義守
斯波氏	柴田氏
斯波氏	畠山氏
斯波氏	相馬氏
斯波氏	織田信秀
斯波氏	織田信長
斯波氏	豊臣秀吉
斯波経詮	戦国大名
斯波経詮	斯波氏
斯波経詮	斯波詮真
斯波経詮	斯波詮高
斯波義寛	上杉顕定
斯波義寛	今川氏親
斯波義寛	六角高頼
斯波義寛	小笠原貞朝
斯波義寛	戦国大名
斯波義寛	斯波氏
斯波義寛	斯波義統
斯波義寛	朝倉氏景_(8代当主)
斯波義寛	朝倉貞景_(9代当主)
斯波義寛	畠山義豊
斯波義寛	細川政元
斯波義統	今川氏親
斯波義統	斯波氏
斯波義統	斯波義寛
斯波義統	織田信秀
斯波義統	織田信長
斯波詮直	伊達政宗
斯波詮直	南部信直
斯波詮直	南部晴政
斯波詮直	南部晴継
斯波詮直	戦国大名
斯波詮直	斯波氏
斯波詮直	斯波詮真
斯波詮直	織田信長
斯波詮真	戦国大名
斯波詮真	斯波氏
斯波詮真	斯波経詮
斯波詮真	斯波詮直
斯波詮高	大崎教兼
斯波詮高	戦国大名
斯波詮高	斯波氏
斯波詮高	斯波経詮
最上満氏	戦国大名
最上満氏	最上義光
最上満氏	最上義守
最上満氏	最上義定
最上満氏	最上義淳
最上満氏	最上義秋
最上義光	上杉景勝
最上義光	伊達政宗
最上義光	伊達輝宗
最上義光	大宝寺義氏
最上義光	大宝寺義興
最上義光	大崎義直
最上義光	大崎義隆
最上義光	小野寺義道
最上義光	徳川家康
最上義光	最上満氏
最上義光	最上義守
最上義光	最上義定
最上義光	最上義淳
最上義光	最上義秋
最上義光	秋田実季
最上義光	織田信長
最上義光	豊臣秀吉
最上義守	伊達尚宗
最上義守	伊達政宗
最上義守	伊達晴宗
最上義守	伊達稙宗
最上義守	伊達輝宗
最上義守	徳川家康
最上義守	戦国大名
最上義守	最上満氏
最上義守	最上義光
最上義守	最上義定
最上義守	最上義淳
最上義守	最上義秋
最上義定	伊達尚宗
最上義定	戦国大名
最上義定	最上満氏
最上義定	最上義光
最上義定	最上義守
最上義定	最上義淳
最上義定	最上義秋
最上義淳	戦国大名
最上義淳	最上満氏
最上義淳	最上義光
最上義淳	最上義守
最上義淳	最上義定
最上義淳	最上義秋
最上義秋	最上満氏
最上義秋	最上義光
最上義秋	最上義守
最上義秋	最上義定
最上義秋	最上義淳
有馬晴信	キリシタン大名
有馬晴信	大友義鎮
有馬晴信	大村純忠
有馬晴信	島津義久
有馬晴信	徳川家康
有馬晴信	有馬晴純
有馬晴信	有馬義純
有馬晴信	有馬義貞
有馬晴信	有馬貴純
有馬晴信	豊臣秀吉
有馬晴信	龍造寺隆信
有馬晴純	大友義鎮
有馬晴純	大村純忠
有馬晴純	有馬晴信
有馬晴純	有馬義純
有馬晴純	有馬義貞
有馬晴純	有馬貴純
有馬晴純	龍造寺家兼
有馬晴純	龍造寺隆信
有馬義純	大村喜前
有馬義純	有馬晴信
有馬義純	有馬晴純
有馬義純	有馬義貞
有馬義純	有馬貴純
有馬義純	龍造寺隆信
有馬義貞	キリシタン大名
有馬義貞	大友義鎮
有馬義貞	大村喜前
有馬義貞	大村純忠
有馬義貞	有馬晴信
有馬義貞	有馬晴純
有馬義貞	有馬義純
有馬義貞	有馬貴純
有馬義貞	龍造寺隆信
有馬貴純	大村純前
有馬貴純	大村純忠
有馬貴純	戦国大名
有馬貴純	有馬晴信
有馬貴純	有馬晴純
有馬貴純	有馬義純
有馬貴純	有馬義貞
朝倉孝景_(10代当主)	一条房冬
朝倉孝景_(10代当主)	土岐頼武
朝倉孝景_(10代当主)	土岐頼純
朝倉孝景_(10代当主)	土岐頼芸
朝倉孝景_(10代当主)	斎藤道三
朝倉孝景_(10代当主)	斯波氏
朝倉孝景_(10代当主)	朝倉氏景_(8代当主)
朝倉孝景_(10代当主)	朝倉義景
朝倉孝景_(10代当主)	朝倉貞景_(9代当主)
朝倉孝景_(10代当主)	武田元信
朝倉孝景_(10代当主)	武田元光
朝倉孝景_(10代当主)	波多野氏
朝倉孝景_(10代当主)	浅井亮政
朝倉孝景_(10代当主)	細川高国
朝倉孝景_(10代当主)	織田信秀
朝倉氏景_(8代当主)	戦国大名
朝倉氏景_(8代当主)	斯波氏
朝倉氏景_(8代当主)	斯波義寛
朝倉氏景_(8代当主)	朝倉孝景_(10代当主)
朝倉氏景_(8代当主)	朝倉義景
朝倉氏景_(8代当主)	朝倉貞景_(9代当主)
朝倉氏景_(8代当主)	細川成之
朝倉義景	三好氏
朝倉義景	上杉景勝
朝倉義景	上杉謙信
朝倉義景	六角氏綱
朝倉義景	六角義賢
朝倉義景	大宝寺氏
朝倉義景	徳川家康
朝倉義景	戦国大名
朝倉義景	斎藤龍興
朝倉義景	朝倉孝景_(10代当主)
朝倉義景	朝倉氏景_(8代当主)
朝倉義景	朝倉貞景_(9代当主)
朝倉義景	松永久秀
朝倉義景	松永長頼
朝倉義景	武田信玄
朝倉義景	武田元信
朝倉義景	武田元光
朝倉義景	武田元明
朝倉義景	武田義統
朝倉義景	浅井久政
朝倉義景	浅井長政
朝倉義景	細川晴元
朝倉義景	織田信長
朝倉義景	豊臣秀吉
朝倉貞景_(9代当主)	六角高頼
朝倉貞景_(9代当主)	土岐頼武
朝倉貞景_(9代当主)	戦国大名
朝倉貞景_(9代当主)	斯波氏
朝倉貞景_(9代当主)	斯波義寛
朝倉貞景_(9代当主)	朝倉孝景_(10代当主)
朝倉貞景_(9代当主)	朝倉氏景_(8代当主)
朝倉貞景_(9代当主)	朝倉義景
朝倉貞景_(9代当主)	細川政元
木曾義元	三木直頼
木曾義元	姉小路済継
木曾義元	戦国大名
木曾義元	木曾義在
木曾義在	六角高頼
木曾義在	戦国大名
木曾義在	木曾義元
木曾義在	武田信玄
木曾義康	斎藤道三
木曾義康	木曾義在
木曾義康	木曾義昌
木曾義康	村上義清
木曾義康	武田信玄
木曾義康	織田信長
木曾義昌	上杉景勝
木曾義昌	北条氏直
木曾義昌	小笠原長時
木曾義昌	徳川家康
木曾義昌	木曾義康
木曾義昌	村上氏
木曾義昌	武田信玄
木曾義昌	武田勝頼
木曾義昌	織田信長
木曾義昌	豊臣秀吉
本山氏	本山茂宗
本山氏	本山茂辰
本山氏	本山親茂
本山氏	長宗我部元親
本山氏	長宗我部兼序
本山氏	長宗我部国親
本山茂宗	本山氏
本山茂宗	本山茂辰
本山茂辰	一条兼定
本山茂辰	本山氏
本山茂辰	本山茂宗
本山茂辰	本山親茂
本山茂辰	長宗我部元親
本山茂辰	長宗我部国親
本山親茂	本山氏
本山親茂	本山茂辰
本山親茂	豊臣秀吉
本山親茂	長宗我部元親
本山親茂	長宗我部国親
村上武吉	三好氏
村上武吉	大内義興
村上武吉	村上氏
村上武吉	村上義忠
村上武吉	毛利元就
村上武吉	毛利氏
村上武吉	毛利輝元
村上武吉	毛利隆元
村上武吉	浦上宗景
村上武吉	織田信長
村上武吉	豊臣秀吉
村上氏	上杉謙信
村上氏	信濃村上氏
村上氏	南条氏
村上氏	村上義清
村上氏	毛利氏
村上義忠	村上武吉
村上義清	上杉謙信
村上義清	信濃村上氏
村上義清	小笠原長棟
村上義清	戦国大名
村上義清	斎藤道三
村上義清	斯波義寛
村上義清	村上氏
村上義清	武田信玄
村上義清	武田信虎
村上義清	武田勝頼
村上義清	花村親吉
村上義清	諏訪頼重_(戦国時代)
村上義清	長尾氏
松前慶広	安東愛季
松前慶広	徳川家康
松前慶広	戦国大名
松前慶広	武田信広
松前慶広	秋田実季
松前慶広	蠣崎光広
松前慶広	蠣崎季広
松前慶広	蠣崎季繁
松前慶広	蠣崎義広
松前慶広	豊臣秀吉
松平信忠	今川氏親
松平信忠	北条早雲
松平信忠	徳川家康
松平信忠	松平広忠
松平信忠	松平清康
松平信忠	松平親忠
松平信忠	松平長親
松平広忠	今川義元
松平広忠	徳川家康
松平広忠	松平信忠
松平広忠	松平清康
松平広忠	松平親忠
松平広忠	松平長親
松平広忠	水野信元
松平広忠	織田信秀
松平清康	北条早雲
松平清康	徳川家康
松平清康	松平信忠
松平清康	松平広忠
松平清康	松平親忠
松平清康	松平長親
松平清康	織田信秀
松平親忠	徳川家康
松平親忠	松平信忠
松平親忠	松平広忠
松平親忠	松平清康
松平親忠	松平長親
松平長親	今川氏親
松平長親	北条早雲
松平長親	徳川家康
松平長親	戦国大名
松平長親	松平信忠
松平長親	松平広忠
松平長親	松平清康
松平長親	松平親忠
松永久秀	三好康長
松永久秀	三好義継
松永久秀	三好長慶
松永久秀	三好長治
松永久秀	上杉謙信
松永久秀	六角義賢
松永久秀	十市遠勝
松永久秀	宇喜多直家
松永久秀	徳川家康
松永久秀	戦国大名
松永久秀	斎藤道三
松永久秀	朝倉義景
松永久秀	松永久秀
松永久秀	松永氏
松永久秀	松永長頼
松永久秀	武田信玄
松永久秀	毛利輝元
松永久秀	池田勝正
松永久秀	浅井長政
松永久秀	畠山高政
松永久秀	筒井氏
松永久秀	筒井順慶
松永久秀	細川晴元
松永久秀	織田信長
松永氏	三好氏
松永氏	三好長慶
松永氏	上杉謙信
松永氏	徳川家康
松永氏	戦国大名
松永氏	斎藤道三
松永氏	朝倉義景
松永氏	松平清康
松永氏	松永久秀
松永氏	松永長頼
松永氏	武田信玄
松永氏	毛利輝元
松永氏	浅井長政
松永氏	織田信長
松永氏	龍造寺隆信
松永長頼	三好氏
松永長頼	三好義継
松永長頼	三好長慶
松永長頼	六角定頼
松永長頼	内藤氏
松永長頼	松永久秀
松永長頼	松永氏
松永長頼	波多野晴通
松永長頼	波多野氏
松永長頼	波多野秀治
松永長頼	畠山高政
松永長頼	細川晴元
松浦興信	大内政弘
松浦興信	大内義興
松浦興信	大内義隆
松浦興信	松浦隆信
松浦興信	龍造寺家兼
松浦鎮信	大友義鎮
松浦鎮信	大村喜前
松浦鎮信	大村純忠
松浦鎮信	宗義智
松浦鎮信	徳川家康
松浦鎮信	有馬義純
松浦鎮信	松浦隆信
松浦鎮信	豊臣秀吉
松浦鎮信	龍造寺隆信
松浦隆信	キリシタン大名
松浦隆信	大内義隆
松浦隆信	大友義鎮
松浦隆信	大村純忠
松浦隆信	戦国大名
松浦隆信	有馬晴純
松浦隆信	松浦興信
松浦隆信	松浦鎮信
松浦隆信	波多氏
松浦隆信	豊臣秀吉
松浦隆信	龍造寺隆信
松田氏	二階堂氏
松田氏	北条早雲
松田氏	宇喜多直家
松田氏	山名豊国
松田氏	徳川家康
松田氏	波多野氏
松田氏	浦上村宗
松田氏	浦上氏
松田氏	豊臣秀吉
柴田氏	徳川家康
柴田氏	斯波氏
柴田氏	織田信秀
柴田氏	織田信長
柴田氏	豊臣秀吉
桐生助綱	上杉憲政
桐生助綱	上杉謙信
桐生助綱	佐野昌綱
桐生助綱	北条氏康
桐生助綱	戦国大名
桐生助綱	足利義氏_(古河公方)
横瀬氏	上杉謙信
横瀬氏	岩松尚純
横瀬氏	岩松昌純
横瀬氏	徳川家康
横瀬氏	戦国大名
横瀬氏	足利成氏
武田信広	安東政季
武田信広	松前慶広
武田信広	蠣崎光広
武田信広	蠣崎季広
武田信広	蠣崎季繁
武田信広	蠣崎義広
武田信広	足利成氏
武田信昌	信濃村上氏
武田信昌	北条早雲
武田信昌	小笠原清宗
武田信昌	戦国大名
武田信昌	武田信玄
武田信昌	武田信縄
武田信昌	武田信虎
武田信昌	武田勝頼
武田信玄	上杉憲政
武田信玄	上杉景勝
武田信玄	上杉朝興
武田信玄	上杉謙信
武田信玄	今川氏真
武田信玄	今川氏輝
武田信玄	今川義元
武田信玄	北条氏康
武田信玄	北条氏政
武田信玄	小笠原長時
武田信玄	徳川家康
武田信玄	戦国大名
武田信玄	朝倉義景
武田信玄	木曾義昌
武田信玄	村上義清
武田信玄	武田信昌
武田信玄	武田信玄
武田信玄	武田信縄
武田信玄	武田信虎
武田信玄	武田勝頼
武田信玄	浅井長政
武田信玄	畠山氏
武田信玄	畠山義続
武田信玄	畠山義綱
武田信玄	織田信長
武田信玄	葛山信貞
武田信玄	諏訪頼重_(戦国時代)
武田信玄	豊臣秀吉
武田信玄	長野業正
武田信玄	長野業盛
武田信縄	北条早雲
武田信縄	戦国大名
武田信縄	武田信昌
武田信縄	武田信玄
武田信縄	武田信虎
武田信縄	武田勝頼
武田信虎	上杉憲寛
武田信虎	上杉憲房_(戦国時代)
武田信虎	上杉憲政
武田信虎	上杉朝定_(扇谷上杉家)
武田信虎	上杉朝興
武田信虎	上杉謙信
武田信虎	今川氏真
武田信虎	今川氏親
武田信虎	今川氏輝
武田信虎	今川義元
武田信虎	内藤氏
武田信虎	北条早雲
武田信虎	北条氏綱
武田信虎	徳川家康
武田信虎	戦国大名
武田信虎	村上義清
武田信虎	松永久秀
武田信虎	武田信昌
武田信虎	武田信玄
武田信虎	武田信縄
武田信虎	武田勝頼
武田信虎	細川高国
武田信虎	織田信長
武田信虎	諏訪頼満_(安芸守)
武田信虎	諏訪頼重_(戦国時代)
武田信虎	足利義明
武田信虎	長尾為景
武田信親	六角高頼
武田信親	大内義興
武田信親	武田信親
武田信親	武田信豊_(若狭武田氏)
武田信親	武田元信
武田信親	武田元光
武田信親	武田元明
武田信親	武田義統
武田信豊_(若狭武田氏)	三好長慶
武田信豊_(若狭武田氏)	六角定頼
武田信豊_(若狭武田氏)	松永長頼
武田信豊_(若狭武田氏)	武田信親
武田信豊_(若狭武田氏)	武田元信
武田信豊_(若狭武田氏)	武田元光
武田信豊_(若狭武田氏)	武田元明
武田信豊_(若狭武田氏)	武田義統
武田信豊_(若狭武田氏)	細川晴元
武田信重_(安芸武田氏)	尼子晴久
武田信重_(安芸武田氏)	武田元繁
武田信重_(安芸武田氏)	武田光和
武田信重_(安芸武田氏)	毛利元就
武田信高	真里谷信興
武田信高	足利成氏
武田元信	大内政弘
武田元信	大内義興
武田元信	戦国大名
武田元信	武田信親
武田元信	武田信豊_(若狭武田氏)
武田元信	武田元光
武田元信	武田元明
武田元信	武田義統
武田元光	武田信親
武田元光	武田信豊_(若狭武田氏)
武田元光	武田元信
武田元光	武田元明
武田元光	武田義統
武田元光	波多野稙通
武田元光	細川晴元
武田元光	細川澄元
武田元光	細川高国
武田元明	内藤氏
武田元明	戦国大名
武田元明	朝倉義景
武田元明	武田信親
武田元明	武田信豊_(若狭武田氏)
武田元明	武田元信
武田元明	武田元光
武田元明	武田義統
武田元明	織田信長
武田元明	豊臣秀吉
武田元綱	大内政弘
武田元綱	大内義興
武田元綱	武田元繁
武田元綱	武田光和
武田元繁	大内義興
武田元繁	尼子経久
武田元繁	武田元信
武田元繁	武田元綱
武田元繁	武田光和
武田元繁	毛利元就
武田元繁	毛利氏
武田元繁	細川政元
武田光和	大内義興
武田光和	大内義隆
武田光和	尼子経久
武田光和	武田元光
武田光和	武田元綱
武田光和	武田元繁
武田光和	毛利氏
武田勝頼	上杉景勝
武田勝頼	上杉謙信
武田勝頼	佐竹義重_(十八代当主)
武田勝頼	北条氏康
武田勝頼	北条氏政
武田勝頼	北条氏直
武田勝頼	徳川家康
武田勝頼	戦国大名
武田勝頼	朝倉義景
武田勝頼	木曾義昌
武田勝頼	武田信昌
武田勝頼	武田信玄
武田勝頼	武田信縄
武田勝頼	武田信虎
武田勝頼	毛利氏
武田勝頼	毛利輝元
武田勝頼	浅井長政
武田勝頼	真田昌幸
武田勝頼	織田信長
武田勝頼	葛山信貞
武田勝頼	諏訪頼満_(安芸守)
武田勝頼	諏訪頼重_(戦国時代)
武田勝頼	里見義頼
武田義統	六角定頼
武田義統	戦国大名
武田義統	朝倉義景
武田義統	松永久秀
武田義統	松永長頼
武田義統	武田信親
武田義統	武田信豊_(若狭武田氏)
武田義統	武田元信
武田義統	武田元光
武田義統	武田元明
毛利元就	三好長慶
毛利元就	上杉謙信
毛利元就	今川義元
毛利元就	大内義興
毛利元就	大内義長
毛利元就	大内義隆
毛利元就	大友義鎮
毛利元就	宍戸元源
毛利元就	小早川正平
毛利元就	小早川繁平
毛利元就	尼子勝久
毛利元就	尼子晴久
毛利元就	尼子経久
毛利元就	尼子義久
毛利元就	戦国大名
毛利元就	武田信玄
毛利元就	武田元繁
毛利元就	毛利氏
毛利元就	毛利輝元
毛利元就	毛利隆元
毛利元就	織田信長
毛利氏	因幡毛利氏
毛利氏	大内政弘
毛利氏	大内義興
毛利氏	大内義長
毛利氏	大内義隆
毛利氏	徳川家康
毛利氏	戦国大名
毛利氏	村上武吉
毛利氏	毛利元就
毛利氏	毛利輝元
毛利氏	毛利隆元
毛利氏	織田信長
毛利氏	豊臣秀吉
毛利輝元	上杉景勝
毛利輝元	上杉謙信
毛利輝元	別所長治
毛利輝元	大内義隆
毛利輝元	大友義鎮
毛利輝元	宇喜多直家
毛利輝元	宇喜多秀家
毛利輝元	尼子勝久
毛利輝元	徳川家康
毛利輝元	毛利元就
毛利輝元	毛利氏
毛利輝元	毛利隆元
毛利輝元	畠山氏
毛利輝元	織田信長
毛利輝元	豊臣秀吉
毛利隆元	大内義長
毛利隆元	大内義隆
毛利隆元	大友義鎮
毛利隆元	尼子晴久
毛利隆元	戦国大名
毛利隆元	毛利元就
毛利隆元	毛利氏
毛利隆元	毛利輝元
水野信元	北条氏康
水野信元	徳川家康
水野信元	斎藤道三
水野信元	松平広忠
水野信元	武田勝頼
水野信元	織田信秀
水野信元	織田信長
江上家種	大村純忠
江上家種	蒲池鎮漣
江上家種	豊臣秀吉
江上家種	龍造寺政家
江上家種	龍造寺隆信
江戸忠通	佐竹義昭
江戸忠通	佐竹義篤_(十六代当主)
江戸忠通	佐竹義舜
江戸忠通	宇都宮広綱
江戸忠通	小田氏治
江戸忠通	江戸通政
江戸忠通	江戸通泰
江戸忠通	江戸重通
江戸通政	上杉謙信
江戸通政	佐竹義重_(十八代当主)
江戸通政	宇都宮広綱
江戸通政	江戸忠通
江戸通政	江戸重通
江戸通泰	佐竹義舜
江戸通泰	大掾氏
江戸通泰	江戸忠通
江戸通泰	江戸通雅
江戸通泰	足利高基
江戸通雅	佐竹義舜
江戸通雅	江戸通泰
江戸重通	佐竹義宣_(右京大夫)
江戸重通	佐竹義重_(十八代当主)
江戸重通	北条氏政
江戸重通	大掾氏
江戸重通	江戸通政
江戸重通	結城晴朝
江戸重通	織田信長
江戸重通	豊臣秀吉
池田勝正	三好氏
池田勝正	三好義継
池田勝正	三好長慶
池田勝正	松永久秀
池田勝正	浦上宗景
池田勝正	織田信長
池田勝正	豊臣秀吉
河野教通	河野通宣_(刑部大輔)
河野教通	河野通宣_(左京大夫)
河野教通	河野通政
河野教通	河野通直_(伊予守)
河野教通	河野通直_(弾正少弼)
河野教通	細川成之
河野通宣_(刑部大輔)	戦国大名
河野通宣_(刑部大輔)	河野教通
河野通宣_(刑部大輔)	河野通宣_(左京大夫)
河野通宣_(刑部大輔)	河野通政
河野通宣_(刑部大輔)	河野通直_(伊予守)
河野通宣_(刑部大輔)	河野通直_(弾正少弼)
河野通宣_(左京大夫)	一条兼定
河野通宣_(左京大夫)	宇都宮豊綱
河野通宣_(左京大夫)	毛利元就
河野通宣_(左京大夫)	河野教通
河野通宣_(左京大夫)	河野通宣_(刑部大輔)
河野通宣_(左京大夫)	河野通政
河野通宣_(左京大夫)	河野通直_(伊予守)
河野通宣_(左京大夫)	河野通直_(弾正少弼)
河野通政	大友義鑑
河野通政	河野教通
河野通政	河野通宣_(刑部大輔)
河野通政	河野通宣_(左京大夫)
河野通政	河野通直_(伊予守)
河野通政	河野通直_(弾正少弼)
河野通直_(伊予守)	戦国大名
河野通直_(伊予守)	毛利氏
河野通直_(伊予守)	河野教通
河野通直_(伊予守)	河野通宣_(刑部大輔)
河野通直_(伊予守)	河野通宣_(左京大夫)
河野通直_(伊予守)	河野通政
河野通直_(伊予守)	河野通直_(弾正少弼)
河野通直_(伊予守)	西園寺公広
河野通直_(伊予守)	豊臣秀吉
河野通直_(弾正少弼)	河野教通
河野通直_(弾正少弼)	河野通宣_(刑部大輔)
河野通直_(弾正少弼)	河野通宣_(左京大夫)
河野通直_(弾正少弼)	河野通政
河野通直_(弾正少弼)	河野通直_(伊予守)
波多氏	豊臣秀吉
波多氏	龍造寺隆信
波多野晴通	三好氏
波多野晴通	三好長慶
波多野晴通	松永久秀
波多野晴通	松永長頼
波多野晴通	波多野氏
波多野晴通	波多野秀治
波多野晴通	波多野稙通
波多野晴通	細川晴元
波多野氏	三好氏
波多野氏	内藤氏
波多野氏	戦国大名
波多野氏	松永久秀
波多野氏	松永長頼
波多野氏	松田氏
波多野氏	波多野晴通
波多野氏	波多野秀治
波多野氏	波多野稙通
波多野氏	細川政元
波多野氏	織田信長
波多野秀治	三好氏
波多野秀治	三好長慶
波多野秀治	別所長治
波多野秀治	戦国大名
波多野秀治	波多野晴通
波多野秀治	波多野氏
波多野秀治	波多野稙通
波多野秀治	織田信長
波多野稙通	戦国大名
波多野稙通	波多野晴通
波多野稙通	波多野氏
波多野稙通	細川晴元
波多野稙通	細川高国
津軽為信	南部信直
津軽為信	南部晴政
津軽為信	南部晴継
津軽為信	大浦政信
津軽為信	大浦為則
津軽為信	秋田実季
津軽為信	豊臣秀吉
浅井久政	六角定頼
浅井久政	六角義賢
浅井久政	戦国大名
浅井久政	斎藤義龍
浅井久政	斎藤龍興
浅井久政	朝倉孝景_(10代当主)
浅井久政	浅井亮政
浅井久政	浅井長政
浅井久政	豊臣秀吉
浅井亮政	京極高清
浅井亮政	六角定頼
浅井亮政	斎藤義龍
浅井亮政	浅井久政
浅井亮政	浅井長政
浅井亮政	織田信長
浅井長政	六角義賢
浅井長政	徳川家康
浅井長政	戦国大名
浅井長政	斎藤義龍
浅井長政	斎藤龍興
浅井長政	朝倉義景
浅井長政	武田信玄
浅井長政	浅井久政
浅井長政	浅井亮政
浅井長政	織田信長
浅井長政	豊臣秀吉
浦上宗景	三好氏
浦上宗景	三好長治
浦上宗景	三村元親
浦上宗景	三村家親
浦上宗景	別所安治
浦上宗景	別所長治
浦上宗景	大友義鎮
浦上宗景	宇喜多直家
浦上宗景	小寺政職
浦上宗景	尼子勝久
浦上宗景	尼子晴久
浦上宗景	戦国大名
浦上宗景	松田氏
浦上宗景	毛利元就
浦上宗景	毛利氏
浦上宗景	毛利輝元
浦上宗景	池田勝正
浦上宗景	浦上政宗
浦上宗景	浦上村宗
浦上宗景	浦上氏
浦上宗景	浦上誠宗
浦上宗景	織田信長
浦上宗景	赤松義祐
浦上政宗	尼子晴久
浦上政宗	戦国大名
浦上政宗	松田氏
浦上政宗	毛利元就
浦上政宗	浦上宗景
浦上政宗	浦上村宗
浦上政宗	浦上氏
浦上政宗	浦上誠宗
浦上政宗	赤松晴政
浦上政宗	赤松義祐
浦上村宗	別所就治
浦上村宗	山名誠豊
浦上村宗	戦国大名
浦上村宗	浦上宗景
浦上村宗	浦上政宗
浦上村宗	浦上氏
浦上村宗	細川晴元
浦上村宗	細川高国
浦上村宗	赤松晴政
浦上村宗	赤松義村
浦上氏	宇喜多直家
浦上氏	戦国大名
浦上氏	浦上宗景
浦上氏	浦上政宗
浦上氏	浦上村宗
浦上氏	浦上誠宗
浦上氏	織田信長
浦上氏	赤松義村
浦上誠宗	浦上宗景
浦上誠宗	浦上政宗
浦上誠宗	浦上氏
浪岡具永	浪岡具統
浪岡具永	浪岡氏
浪岡具統	浪岡具永
浪岡具統	浪岡具運
浪岡具統	浪岡氏
浪岡具運	浪岡具永
浪岡具運	浪岡具統
浪岡具運	浪岡氏
浪岡具運	浪岡顕村
浪岡氏	浪岡具永
浪岡氏	浪岡具統
浪岡氏	浪岡具運
浪岡氏	浪岡氏
浪岡氏	浪岡顕村
浪岡顕村	安東愛季
浪岡顕村	津軽為信
浪岡顕村	浪岡具運
浪岡顕村	浪岡氏
深谷上杉家	上杉憲盛
深谷上杉家	上杉憲賢
深谷上杉家	上杉朝定_(扇谷上杉家)
深谷上杉家	北条氏康
深谷上杉家	山内上杉家
深谷上杉家	豊臣秀吉
田村宗顕_(戦国大名)	伊達政宗
田村宗顕_(戦国大名)	戦国大名
田村宗顕_(戦国大名)	田村清顕
田村宗顕_(戦国大名)	相馬氏
田村宗顕_(戦国大名)	相馬盛胤_(十五代当主)
田村宗顕_(戦国大名)	相馬義胤_(十六代当主)
田村宗顕_(戦国大名)	豊臣秀吉
田村清顕	伊達政宗
田村清顕	伊達輝宗
田村清顕	岩城常隆
田村清顕	戦国大名
田村清顕	田村宗顕_(戦国大名)
田村清顕	田村隆顕
田村清顕	相馬氏
田村清顕	相馬義胤_(十六代当主)
田村清顕	相馬顕胤
田村義顕	岩城常隆
田村義顕	田村隆顕
田村隆顕	伊達晴宗
田村隆顕	伊達稙宗
田村隆顕	戦国大名
田村隆顕	田村清顕
田村隆顕	田村義顕
田村隆顕	相馬氏
田村隆顕	相馬盛胤_(十五代当主)
田村隆顕	相馬顕胤
田村隆顕	蘆名盛氏
由利十二頭	大宝寺氏
由利十二頭	戦国大名
由利十二頭	最上義光
由利十二頭	秋田実季
由利十二頭	豊臣秀吉
畠山在氏	三好長慶
畠山在氏	畠山政長
畠山在氏	畠山氏
畠山在氏	畠山義堯
畠山在氏	細川晴元
畠山在氏	細川氏綱
畠山尚順	六角高頼
畠山尚順	大内義興
畠山尚順	朝倉貞景_(9代当主)
畠山尚順	畠山政国
畠山尚順	畠山政長
畠山尚順	畠山氏
畠山尚順	畠山稙長
畠山尚順	畠山義堯
畠山尚順	畠山義就
畠山尚順	畠山義総
畠山尚順	畠山義豊
畠山尚順	畠山長経
畠山尚順	神保慶宗
畠山尚順	神保慶明
畠山尚順	神保長職
畠山尚順	筒井氏
畠山尚順	細川政元
畠山尚順	細川澄元
畠山尚順	細川高国
畠山尚順	長尾為景
畠山尚順	長尾能景
畠山政国	三好長慶
畠山政国	二本松政国
畠山政国	戦国大名
畠山政国	畠山尚順
畠山政国	畠山政尚
畠山政国	畠山政長
畠山政国	畠山昭高
畠山政国	畠山氏
畠山政国	畠山稙長
畠山政国	畠山長経
畠山政国	畠山高政
畠山政国	細川政元
畠山政国	細川晴元
畠山政国	細川氏綱
畠山政尚	畠山政国
畠山政尚	畠山昭高
畠山政尚	畠山氏
畠山政尚	畠山高政
畠山政尚	豊臣秀吉
畠山政長	京極持清
畠山政長	大崎教兼
畠山政長	斯波氏
畠山政長	畠山尚順
畠山政長	畠山氏
畠山政長	畠山義堯
畠山政長	畠山義就
畠山政長	畠山義豊
畠山政長	細川政元
畠山政長	細川晴元
畠山政長	細川氏綱
畠山政長	細川澄元
畠山政長	細川高国
畠山春王丸	上杉謙信
畠山春王丸	戦国大名
畠山春王丸	畠山氏
畠山春王丸	畠山義慶
畠山春王丸	畠山義統
畠山春王丸	畠山義続
畠山春王丸	畠山義綱
畠山春王丸	畠山義総
畠山春王丸	畠山義隆
畠山春王丸	織田信長
畠山昭高	三好義継
畠山昭高	三好長慶
畠山昭高	戦国大名
畠山昭高	松永久秀
畠山昭高	畠山政国
畠山昭高	畠山政尚
畠山昭高	畠山氏
畠山昭高	畠山高政
畠山昭高	織田信長
畠山氏	三好氏
畠山氏	三好長慶
畠山氏	上杉謙信
畠山氏	二本松家泰
畠山氏	二本松政国
畠山氏	二本松村国
畠山氏	二本松氏
畠山氏	二本松義国
畠山氏	二本松義氏
畠山氏	二本松義継
畠山氏	二本松義綱
畠山氏	伊達政宗
畠山氏	十市遠忠
畠山氏	千葉氏
畠山氏	徳川家康
畠山氏	戦国大名
畠山氏	斯波氏
畠山氏	畠山在氏
畠山氏	畠山尚順
畠山氏	畠山政国
畠山氏	畠山政尚
畠山氏	畠山政長
畠山氏	畠山春王丸
畠山氏	畠山昭高
畠山氏	畠山稙長
畠山氏	畠山義堯
畠山氏	畠山義就
畠山氏	畠山義慶
畠山氏	畠山義統
畠山氏	畠山義続
畠山氏	畠山義綱
畠山氏	畠山義総
畠山氏	畠山義豊
畠山氏	畠山義隆
畠山氏	畠山長経
畠山氏	畠山高政
畠山氏	神保氏
畠山氏	筒井氏
畠山氏	筒井順慶
畠山氏	豊臣秀吉
畠山稙長	三好長慶
畠山稙長	大内義興
畠山稙長	畠山在氏
畠山稙長	畠山尚順
畠山稙長	畠山政国
畠山稙長	畠山氏
畠山稙長	畠山義堯
畠山稙長	畠山義続
畠山稙長	畠山長経
畠山稙長	筒井順興
畠山稙長	細川晴元
畠山稙長	細川氏綱
畠山稙長	細川高国
畠山義堯	畠山在氏
畠山義堯	畠山尚順
畠山義堯	畠山政長
畠山義堯	畠山氏
畠山義堯	畠山稙長
畠山義堯	畠山義就
畠山義堯	細川政元
畠山義堯	細川晴元
畠山義堯	細川氏綱
畠山義堯	細川澄元
畠山義堯	細川高国
畠山義就	大内政弘
畠山義就	毛利元就
畠山義就	畠山政長
畠山義就	畠山氏
畠山義就	畠山義豊
畠山義就	神保氏
畠山義就	筒井氏
畠山義就	細川政元
畠山義慶	千葉氏
畠山義慶	戦国大名
畠山義慶	畠山春王丸
畠山義慶	畠山氏
畠山義慶	畠山義統
畠山義慶	畠山義続
畠山義慶	畠山義綱
畠山義慶	畠山義総
畠山義慶	畠山義隆
畠山義統	大内義興
畠山義統	畠山政長
畠山義統	畠山春王丸
畠山義統	畠山氏
畠山義統	畠山義就
畠山義統	畠山義慶
畠山義統	畠山義続
畠山義統	畠山義綱
畠山義統	畠山義総
畠山義統	畠山義隆
畠山義統	細川政元
畠山義統	長尾能景
畠山義続	戦国大名
畠山義続	武田信玄
畠山義続	畠山春王丸
畠山義続	畠山氏
畠山義続	畠山義慶
畠山義続	畠山義統
畠山義続	畠山義綱
畠山義続	畠山義総
畠山義続	畠山義隆
畠山義綱	上杉謙信
畠山義綱	二本松氏
畠山義綱	二本松義綱
畠山義綱	六角義賢
畠山義綱	戦国大名
畠山義綱	畠山春王丸
畠山義綱	畠山氏
畠山義綱	畠山義慶
畠山義綱	畠山義統
畠山義綱	畠山義続
畠山義綱	畠山義総
畠山義綱	畠山義隆
畠山義綱	神保長職
畠山義綱	豊臣秀吉
畠山義総	上杉謙信
畠山義総	六角義賢
畠山義総	戦国大名
畠山義総	畠山春王丸
畠山義総	畠山氏
畠山義総	畠山稙長
畠山義総	畠山義慶
畠山義総	畠山義統
畠山義総	畠山義続
畠山義総	畠山義綱
畠山義総	畠山義隆
畠山義総	神保慶宗
畠山義豊	畠山尚順
畠山義豊	畠山政長
畠山義豊	畠山氏
畠山義豊	畠山義就
畠山義豊	細川政元
畠山義隆	上杉謙信
畠山義隆	戦国大名
畠山義隆	畠山春王丸
畠山義隆	畠山氏
畠山義隆	畠山義慶
畠山義隆	畠山義統
畠山義隆	畠山義続
畠山義隆	畠山義綱
畠山義隆	畠山義総
畠山長経	畠山在氏
畠山長経	畠山尚順
畠山長経	畠山政国
畠山長経	畠山氏
畠山長経	畠山稙長
畠山高政	三好長慶
畠山高政	六角義賢
畠山高政	戦国大名
畠山高政	松永久秀
畠山高政	畠山政国
畠山高政	畠山政尚
畠山高政	畠山政長
畠山高政	畠山昭高
畠山高政	畠山氏
畠山高政	細川晴元
畠山高政	細川氏綱
畠山高政	織田信長
白河結城氏	佐竹義重_(十八代当主)
白河結城氏	小峰義親
白河結城氏	結城政朝
白河結城氏	結城政朝_(白河氏)
白河結城氏	結城晴綱
白河結城氏	結城氏
白河結城氏	結城義綱
白河結城氏	結城義顕
白河結城氏	結城顕頼
白河結城氏	蘆名盛隆
白河結城氏	蘆名義広
白河結城氏	豊臣秀吉
白河結城氏	那須氏
相良晴広	北原氏
相良晴広	大内義隆
相良晴広	大友義鎮
相良晴広	大友義鑑
相良晴広	島津勝久
相良晴広	島津貴久
相良晴広	戦国大名
相良晴広	相良義滋
相良晴広	相良義陽
相良晴広	菊池義武
相良晴広	阿蘇惟前
相良晴広	阿蘇惟豊
相良義滋	伊東祐充
相良義滋	北原氏
相良義滋	大内義隆
相良義滋	大友義鑑
相良義滋	島津貴久
相良義滋	戦国大名
相良義滋	相良晴広
相良義滋	相良義陽
相良義滋	阿蘇惟前
相良義陽	伊東義祐
相良義陽	北原氏
相良義陽	大友義鎮
相良義陽	島津義久
相良義陽	島津貴久
相良義陽	戦国大名
相良義陽	毛利輝元
相良義陽	相良晴広
相良義陽	相良義滋
相良義陽	織田信長
相良義陽	菊池義武
相馬氏	伊達政宗
相馬氏	佐竹義宣_(右京大夫)
相馬氏	千葉氏
相馬氏	徳川家康
相馬氏	相馬盛胤_(十三代当主)
相馬氏	相馬盛胤_(十五代当主)
相馬氏	相馬義胤_(十六代当主)
相馬氏	相馬顕胤
相馬氏	相馬高胤
相馬氏	豊臣秀吉
相馬盛胤_(十三代当主)	戦国大名
相馬盛胤_(十三代当主)	相馬氏
相馬盛胤_(十三代当主)	相馬顕胤
相馬盛胤_(十三代当主)	相馬高胤
相馬盛胤_(十三代当主)	蘆名盛舜
相馬盛胤_(十五代当主)	二本松義継
相馬盛胤_(十五代当主)	二階堂氏
相馬盛胤_(十五代当主)	二階堂照行
相馬盛胤_(十五代当主)	二階堂盛義
相馬盛胤_(十五代当主)	伊達政宗
相馬盛胤_(十五代当主)	伊達晴宗
相馬盛胤_(十五代当主)	伊達稙宗
相馬盛胤_(十五代当主)	伊達輝宗
相馬盛胤_(十五代当主)	佐竹義昭
相馬盛胤_(十五代当主)	北条氏政
相馬盛胤_(十五代当主)	岩城親隆
相馬盛胤_(十五代当主)	岩城重隆
相馬盛胤_(十五代当主)	戦国大名
相馬盛胤_(十五代当主)	田村清顕
相馬盛胤_(十五代当主)	田村義顕
相馬盛胤_(十五代当主)	田村隆顕
相馬盛胤_(十五代当主)	白河結城氏
相馬盛胤_(十五代当主)	相馬氏
相馬盛胤_(十五代当主)	相馬義胤_(十六代当主)
相馬盛胤_(十五代当主)	相馬顕胤
相馬盛胤_(十五代当主)	結城晴綱
相馬盛胤_(十五代当主)	葛西晴信
相馬盛胤_(十五代当主)	葛西氏
相馬盛胤_(十五代当主)	蘆名盛氏
相馬盛胤_(十五代当主)	蘆名盛舜
相馬盛胤_(十五代当主)	蘆名盛隆
相馬盛胤_(十五代当主)	蘆名義広
相馬義胤_(十六代当主)	上杉景勝
相馬義胤_(十六代当主)	上杉謙信
相馬義胤_(十六代当主)	二本松氏
相馬義胤_(十六代当主)	二本松義国
相馬義胤_(十六代当主)	二本松義継
相馬義胤_(十六代当主)	二本松義綱
相馬義胤_(十六代当主)	二階堂氏
相馬義胤_(十六代当主)	二階堂盛義
相馬義胤_(十六代当主)	伊達政宗
相馬義胤_(十六代当主)	伊達晴宗
相馬義胤_(十六代当主)	伊達稙宗
相馬義胤_(十六代当主)	伊達輝宗
相馬義胤_(十六代当主)	佐竹義宣_(右京大夫)
相馬義胤_(十六代当主)	佐竹義昭
相馬義胤_(十六代当主)	佐竹義重_(十八代当主)
相馬義胤_(十六代当主)	北条氏政
相馬義胤_(十六代当主)	千葉氏
相馬義胤_(十六代当主)	大崎義隆
相馬義胤_(十六代当主)	小峰義親
相馬義胤_(十六代当主)	岩城常隆
相馬義胤_(十六代当主)	岩城親隆
相馬義胤_(十六代当主)	岩城重隆
相馬義胤_(十六代当主)	徳川家康
相馬義胤_(十六代当主)	戦国大名
相馬義胤_(十六代当主)	最上義光
相馬義胤_(十六代当主)	最上義守
相馬義胤_(十六代当主)	田村宗顕_(戦国大名)
相馬義胤_(十六代当主)	田村清顕
相馬義胤_(十六代当主)	田村義顕
相馬義胤_(十六代当主)	田村隆顕
相馬義胤_(十六代当主)	白河結城氏
相馬義胤_(十六代当主)	相馬氏
相馬義胤_(十六代当主)	相馬盛胤_(十五代当主)
相馬義胤_(十六代当主)	相馬顕胤
相馬義胤_(十六代当主)	秋田実季
相馬義胤_(十六代当主)	織田信長
相馬義胤_(十六代当主)	葛西晴信
相馬義胤_(十六代当主)	葛西氏
相馬義胤_(十六代当主)	蘆名亀王丸
相馬義胤_(十六代当主)	蘆名盛氏
相馬義胤_(十六代当主)	蘆名盛興
相馬義胤_(十六代当主)	蘆名盛隆
相馬義胤_(十六代当主)	蘆名義広
相馬義胤_(十六代当主)	豊臣秀吉
相馬義胤_(十六代当主)	那須資胤
相馬顕胤	伊達晴宗
相馬顕胤	伊達稙宗
相馬顕胤	岩城重隆
相馬顕胤	相馬氏
相馬顕胤	相馬盛胤_(十三代当主)
相馬顕胤	相馬盛胤_(十五代当主)
相馬高胤	白河結城氏
相馬高胤	相馬氏
相馬高胤	相馬盛胤_(十三代当主)
真田昌幸	上杉景勝
真田昌幸	上杉謙信
真田昌幸	北条氏康
真田昌幸	北条氏政
真田昌幸	北条氏直
真田昌幸	宇都宮国綱
真田昌幸	山内上杉家
真田昌幸	徳川家康
真田昌幸	武田信玄
真田昌幸	武田勝頼
真田昌幸	結城晴朝
真田昌幸	織田信長
真田昌幸	豊臣秀吉
真里谷信勝	千葉氏
真里谷信勝	真里谷信興
真里谷信勝	真里谷恕鑑
真里谷信勝	足利政氏
真里谷信勝	足利義明
真里谷信勝	足利高基
真里谷信応	北条氏康
真里谷信応	北条氏綱
真里谷信応	戦国大名
真里谷信応	真里谷信政
真里谷信応	真里谷恕鑑
真里谷信応	足利義明
真里谷信応	里見義堯
真里谷信政	北条氏康
真里谷信政	北条氏綱
真里谷信政	真里谷信応
真里谷信政	足利義明
真里谷信政	里見義堯
真里谷信興	武田信高
真里谷信興	真里谷信勝
真里谷恕鑑	北条早雲
真里谷恕鑑	北条氏綱
真里谷恕鑑	千葉氏
真里谷恕鑑	戦国大名
真里谷恕鑑	真里谷信勝
真里谷恕鑑	真里谷信応
真里谷恕鑑	真里谷恕鑑
真里谷恕鑑	足利義明
真里谷恕鑑	足利高基
真里谷恕鑑	里見義堯
真里谷恕鑑	里見義豊
神保慶宗	大内義興
神保慶宗	畠山尚順
神保慶宗	畠山政長
神保慶宗	畠山氏
神保慶宗	畠山義総
神保慶宗	神保慶明
神保慶宗	神保氏
神保慶宗	神保長職
神保慶宗	長尾為景
神保慶宗	長尾能景
神保慶明	畠山尚順
神保慶明	神保慶宗
神保慶明	神保氏
神保氏	上杉謙信
神保氏	徳川家康
神保氏	畠山尚順
神保氏	畠山政長
神保氏	畠山氏
神保氏	畠山義隆
神保氏	神保慶宗
神保氏	神保慶明
神保氏	神保長職
神保氏	織田信長
神保氏	長尾氏
神保氏	長尾為景
神保氏	長尾能景
神保長職	上杉謙信
神保長職	武田信玄
神保長職	畠山尚順
神保長職	畠山義綱
神保長職	神保慶宗
神保長職	神保氏
神保長職	織田信長
神保長職	長尾為景
秋月文種	大内義隆
秋月文種	大友義鎮
秋月文種	毛利元就
秋月文種	毛利氏
秋月文種	秋月種実
秋月種実	大友義鎮
秋月種実	島津義久
秋月種実	戦国大名
秋月種実	毛利元就
秋月種実	毛利氏
秋月種実	秋月文種
秋月種実	豊臣秀吉
秋月種実	龍造寺隆信
秋田実季	南部信直
秋田実季	安東愛季
秋田実季	小野寺義道
秋田実季	徳川家康
秋田実季	戦国大名
秋田実季	最上義光
秋田実季	津軽為信
秋田実季	浪岡顕村
秋田実季	豊臣秀吉
筑後十五城	蒲池親広
筑後十五城	蒲池鎮漣
筑後十五城	蒲池鑑久
筑後十五城	蒲池鑑広
筑後十五城	蒲池鑑盛
筑後十五城	龍造寺隆信
筒井定慶	徳川家康
筒井定慶	筒井定次
筒井定慶	筒井氏
筒井定慶	筒井順慶
筒井定慶	筒井順昭
筒井定慶	筒井順興
筒井定次	徳川家康
筒井定次	松平広忠
筒井定次	筒井定慶
筒井定次	筒井氏
筒井定次	筒井順慶
筒井定次	筒井順昭
筒井定次	筒井順興
筒井定次	織田信長
筒井定次	豊臣秀吉
筒井氏	三好長慶
筒井氏	十市遠忠
筒井氏	徳川家康
筒井氏	戦国大名
筒井氏	松永久秀
筒井氏	畠山政長
筒井氏	畠山氏
筒井氏	畠山義就
筒井氏	筒井定慶
筒井氏	筒井定次
筒井氏	筒井順慶
筒井氏	筒井順政
筒井氏	筒井順昭
筒井氏	筒井順興
筒井氏	織田信長
筒井氏	豊臣秀吉
筒井順慶	三好義継
筒井順慶	十市遠勝
筒井順慶	徳川家康
筒井順慶	戦国大名
筒井順慶	松永久秀
筒井順慶	武田信玄
筒井順慶	毛利輝元
筒井順慶	畠山氏
筒井順慶	筒井定慶
筒井順慶	筒井定次
筒井順慶	筒井氏
筒井順慶	筒井順政
筒井順慶	筒井順昭
筒井順慶	筒井順興
筒井順慶	織田信長
筒井順慶	豊臣秀吉
筒井順政	三好氏
筒井順政	戦国大名
筒井順政	松永久秀
筒井順政	畠山高政
筒井順政	筒井順慶
筒井順政	筒井順昭
筒井順政	筒井順興
筒井順昭	十市遠忠
筒井順昭	筒井定慶
筒井順昭	筒井定次
筒井順昭	筒井氏
筒井順昭	筒井順慶
筒井順昭	筒井順政
筒井順昭	筒井順興
筒井順興	十市遠忠
筒井順興	戦国大名
筒井順興	畠山尚順
筒井順興	畠山稙長
筒井順興	筒井定慶
筒井順興	筒井定次
筒井順興	筒井氏
筒井順興	筒井順慶
筒井順興	筒井順政
筒井順興	筒井順昭
筒井順興	細川高国
細川成之	畠山尚順
細川成之	畠山義就
細川成之	細川政元
細川成之	細川晴元
細川成之	細川氏綱
細川成之	細川澄元
細川成之	細川高国
細川政元	一色義有
細川政元	六角高頼
細川政元	安芸氏
細川政元	山名政豊
細川政元	斯波氏
細川政元	武田元信
細川政元	畠山尚順
細川政元	畠山政長
細川政元	畠山氏
細川政元	畠山義堯
細川政元	畠山義就
細川政元	畠山義豊
細川政元	細川成之
細川政元	細川晴元
細川政元	細川氏綱
細川政元	細川澄元
細川政元	細川高国
細川晴元	三好長慶
細川晴元	六角定頼
細川晴元	六角義賢
細川晴元	戦国大名
細川晴元	朝倉義景
細川晴元	松永長頼
細川晴元	武田信玄
細川晴元	武田信豊_(若狭武田氏)
細川晴元	波多野晴通
細川晴元	波多野稙通
細川晴元	浦上村宗
細川晴元	畠山政国
細川晴元	畠山政長
細川晴元	畠山義堯
細川晴元	細川成之
細川晴元	細川政元
細川晴元	細川氏綱
細川晴元	細川澄元
細川晴元	細川高国
細川晴元	織田信長
細川晴元	赤松晴政
細川晴元	長宗我部元親
細川氏綱	三好長慶
細川氏綱	尼子晴久
細川氏綱	松永長頼
細川氏綱	畠山政長
細川氏綱	畠山稙長
細川氏綱	畠山義堯
細川氏綱	筒井氏
細川氏綱	筒井順昭
細川氏綱	細川成之
細川氏綱	細川政元
細川氏綱	細川晴元
細川氏綱	細川澄元
細川氏綱	細川高国
細川澄元	一色義有
細川澄元	三好長慶
細川澄元	大内義興
細川澄元	畠山尚順
細川澄元	畠山政長
細川澄元	畠山義堯
細川澄元	細川成之
細川澄元	細川政元
細川澄元	細川晴元
細川澄元	細川氏綱
細川澄元	細川高国
細川高国	三好長慶
細川高国	北畠晴具
細川高国	大内義興
細川高国	尼子経久
細川高国	山名豊定
細川高国	朝倉孝景_(10代当主)
細川高国	波多野稙通
細川高国	浦上村宗
細川高国	畠山政長
細川高国	畠山義堯
細川高国	畠山義続
細川高国	細川成之
細川高国	細川政元
細川高国	細川晴元
細川高国	細川氏綱
細川高国	細川澄元
細川高国	赤松晴政
細川高国	赤松義村
細川高国	長宗我部元親
細川高国	長宗我部国親
結城政勝	北条氏康
結城政勝	宇都宮尚綱
結城政勝	小山高朝
結城政勝	小田氏治
結城政勝	戦国大名
結城政勝	結城政朝
結城政勝	結城政直
結城政勝	結城明朝
結城政勝	結城晴朝
結城政勝	結城氏
結城政勝	那須政資
結城政勝	那須高資
結城政朝	多賀谷氏
結城政朝	宇都宮尚綱
結城政朝	宇都宮忠綱
結城政朝	宇都宮成綱
結城政朝	小山高朝
結城政朝	戦国大名
結城政朝	結城政勝
結城政朝	結城政朝_(白河氏)
結城政朝	結城政直
結城政朝	結城晴朝
結城政朝	結城氏
結城政朝	足利政氏
結城政朝	足利高基
結城政朝_(白河氏)	小峰義親
結城政朝_(白河氏)	白河結城氏
結城政朝_(白河氏)	相馬氏
結城政朝_(白河氏)	結城晴綱
結城政朝_(白河氏)	結城氏
結城政朝_(白河氏)	結城義綱
結城政朝_(白河氏)	結城義顕
結城政朝_(白河氏)	結城顕頼
結城政朝_(白河氏)	蘆名義広
結城政直	小山高朝
結城政直	結城政勝
結城政直	結城政朝
結城政直	結城晴朝
結城政直	結城氏
結城明朝	戦国大名
結城明朝	結城政勝
結城明朝	結城晴朝
結城明朝	結城氏
結城晴朝	上杉憲政
結城晴朝	上杉謙信
結城晴朝	佐竹義宣_(右京大夫)
結城晴朝	佐竹義重_(十八代当主)
結城晴朝	宇都宮国綱
結城晴朝	宇都宮広綱
結城晴朝	小山秀綱
結城晴朝	小山高朝
結城晴朝	徳川家康
結城晴朝	戦国大名
結城晴朝	江戸重通
結城晴朝	結城政勝
結城晴朝	結城政朝
結城晴朝	結城政直
結城晴朝	結城明朝
結城晴朝	結城氏
結城晴朝	豊臣秀吉
結城晴朝	足利晴氏
結城晴朝	足利義氏_(古河公方)
結城晴朝	那須資晴
結城晴朝	那須資胤
結城晴綱	二本松義国
結城晴綱	二階堂氏
結城晴綱	二階堂照行
結城晴綱	伊達晴宗
結城晴綱	伊達稙宗
結城晴綱	佐竹義昭
結城晴綱	佐竹義重_(十八代当主)
結城晴綱	小山高朝
結城晴綱	小峰義親
結城晴綱	田村義顕
結城晴綱	田村隆顕
結城晴綱	白河結城氏
結城晴綱	結城政勝
結城晴綱	結城政朝_(白河氏)
結城晴綱	結城氏
結城晴綱	結城義綱
結城晴綱	結城義顕
結城晴綱	結城顕頼
結城晴綱	蘆名盛氏
結城晴綱	蘆名義広
結城晴綱	足利晴氏
結城晴綱	那須政資
結城晴綱	那須氏
結城晴綱	那須高資
結城氏	上杉謙信
結城氏	佐竹義重_(十八代当主)
結城氏	北条氏康
結城氏	千葉氏
結城氏	多賀谷氏
結城氏	多賀谷重経
結城氏	宇都宮広綱
結城氏	小山秀綱
結城氏	小山高朝
結城氏	山内上杉家
結城氏	徳川家康
結城氏	白河結城氏
結城氏	結城政勝
結城氏	結城政朝
結城氏	結城政直
結城氏	結城明朝
結城氏	結城晴朝
結城氏	豊臣秀吉
結城氏	足利成氏
結城氏	那須氏
結城義綱	伊達晴宗
結城義綱	佐竹義篤_(十六代当主)
結城義綱	小峰義親
結城義綱	岩城重隆
結城義綱	田村隆顕
結城義綱	白河結城氏
結城義綱	結城政朝_(白河氏)
結城義綱	結城晴綱
結城義綱	結城義顕
結城義綱	結城顕頼
結城義綱	蘆名義広
結城義顕	小峰義親
結城義顕	白河結城氏
結城義顕	結城政朝_(白河氏)
結城義顕	結城晴綱
結城義顕	結城義綱
結城義顕	結城顕頼
結城義顕	蘆名盛隆
結城義顕	蘆名義広
結城義顕	豊臣秀吉
結城顕頼	小峰義親
結城顕頼	岩城常隆_(下総守)
結城顕頼	白河結城氏
結城顕頼	結城政朝_(白河氏)
結城顕頼	結城晴綱
結城顕頼	結城義綱
結城顕頼	結城義顕
結城顕頼	蘆名義広
結城顕頼	足利政氏
結城顕頼	那須政資
結城顕頼	那須氏
結城顕頼	那須資房
織田信秀	今川義元
織田信秀	土岐頼芸
織田信秀	徳川家康
織田信秀	戦国大名
織田信秀	斎藤道三
織田信秀	斯波氏
織田信秀	斯波義統
織田信秀	松平清康
織田信秀	毛利元就
織田信秀	浅井長政
織田信秀	織田信長
織田信秀	遠山景任
織田信長	三好康長
織田信長	三好氏
織田信長	三好義継
織田信長	三好長慶
織田信長	上杉景勝
織田信長	上杉謙信
織田信長	今川氏真
織田信長	今川義元
織田信長	佐竹義重_(十八代当主)
織田信長	六角定頼
織田信長	六角義治
織田信長	六角義賢
織田信長	別所長治
織田信長	北条氏政
織田信長	北条氏直
織田信長	北畠具房
織田信長	北畠具教
織田信長	姉小路頼綱
織田信長	宇喜多直家
織田信長	安土桃山時代の人物一覧
織田信長	小寺政職
織田信長	山名祐豊
織田信長	徳川家康
織田信長	戦国大名
織田信長	斎藤義龍
織田信長	斎藤道三
織田信長	斎藤龍興
織田信長	斯波氏
織田信長	斯波義統
織田信長	朝倉義景
織田信長	木曾義昌
織田信長	松永久秀
織田信長	武田信玄
織田信長	武田勝頼
織田信長	毛利氏
織田信長	毛利輝元
織田信長	池田勝正
織田信長	波多野秀治
織田信長	浅井久政
織田信長	浅井長政
織田信長	畠山昭高
織田信長	筒井定次
織田信長	筒井順慶
織田信長	織田信秀
織田信長	織田信長
織田信長	織田信長
織田信長	豊臣秀吉
織田信長	遠山景任
織田信長	長宗我部元親
織田信長	長野具藤
美作後藤氏	宇喜多直家
美作後藤氏	尼子晴久
美作後藤氏	戦国大名
美作後藤氏	浦上宗景
美作後藤氏	浦上氏
肝付兼久	島津忠昌
肝付兼久	肝付兼亮
肝付兼久	肝付兼忠
肝付兼久	肝付兼続
肝付兼久	肝付兼興
肝付兼久	肝付兼護
肝付兼久	肝付良兼
肝付兼亮	島津貴久
肝付兼亮	肝付兼久
肝付兼亮	肝付兼忠
肝付兼亮	肝付兼続
肝付兼亮	肝付兼興
肝付兼亮	肝付兼護
肝付兼亮	肝付良兼
肝付兼光	島津忠昌
肝付兼光	戦国大名
肝付兼光	肝付兼光
肝付兼光	肝付兼固
肝付兼光	肝付兼忠
肝付兼固	島津忠昌
肝付兼固	戦国大名
肝付兼固	肝付兼光
肝付兼固	肝付兼固
肝付兼忠	戦国大名
肝付兼忠	肝付兼光
肝付兼忠	肝付兼忠
肝付兼続	島津貴久
肝付兼続	戦国大名
肝付兼続	肝付兼久
肝付兼続	肝付兼亮
肝付兼続	肝付兼忠
肝付兼続	肝付兼興
肝付兼続	肝付兼護
肝付兼続	肝付良兼
肝付兼興	北原氏
肝付兼興	島津貴久
肝付兼興	戦国大名
肝付兼興	肝付兼久
肝付兼興	肝付兼亮
肝付兼興	肝付兼忠
肝付兼興	肝付兼続
肝付兼興	肝付兼護
肝付兼興	肝付良兼
肝付兼護	肝付兼久
肝付兼護	肝付兼亮
肝付兼護	肝付兼忠
肝付兼護	肝付兼続
肝付兼護	肝付兼興
肝付兼護	肝付良兼
肝付良兼	伊東義祐
肝付良兼	戦国大名
肝付良兼	肝付兼久
肝付良兼	肝付兼亮
肝付良兼	肝付兼忠
肝付良兼	肝付兼続
肝付良兼	肝付兼興
肝付良兼	肝付兼護
花村親吉	村上義清
菊池義武	大内義隆
菊池義武	大友義鎮
菊池義武	大友義鑑
菊池義武	大友義長
菊池義武	戦国大名
菊池義武	相良晴広
菊池義武	阿蘇惟豊
葛山信貞	戦国大名
葛山信貞	武田信玄
葛山信貞	武田勝頼
葛山信貞	織田信長
葛西宗清	伊達尚宗
葛西宗清	戦国大名
葛西宗清	葛西政信
葛西宗清	葛西晴重
葛西宗清	葛西氏
葛西政信	葛西宗清
葛西政信	葛西晴重
葛西政信	葛西氏
葛西晴信	大崎義隆
葛西晴信	織田信長
葛西晴信	葛西晴胤
葛西晴信	葛西氏
葛西晴信	葛西親信
葛西晴信	豊臣秀吉
葛西晴胤	伊達晴宗
葛西晴胤	戦国大名
葛西晴胤	葛西晴信
葛西晴胤	葛西晴重
葛西晴胤	葛西氏
葛西晴胤	葛西親信
葛西晴重	伊達晴宗
葛西晴重	伊達稙宗
葛西晴重	葛西政信
葛西晴重	葛西晴胤
葛西晴重	葛西氏
葛西氏	伊達尚宗
葛西氏	伊達晴宗
葛西氏	戦国大名
葛西氏	葛西宗清
葛西氏	葛西政信
葛西氏	葛西晴信
葛西氏	葛西晴胤
葛西氏	葛西晴重
葛西氏	葛西親信
葛西氏	豊臣秀吉
葛西親信	葛西晴信
葛西親信	葛西晴胤
葛西親信	葛西氏
蒲池治久	大友義鑑
蒲池治久	大友義長
蒲池治久	大友親治
蒲池治久	戦国大名
蒲池治久	筑後十五城
蒲池治久	蒲池親広
蒲池治久	蒲池鑑久
蒲池治久	蒲池鑑広
蒲池治久	蒲池鑑盛
蒲池親広	大友親治
蒲池親広	戦国大名
蒲池親広	筑後十五城
蒲池親広	蒲池治久
蒲池親広	蒲池鑑久
蒲池親広	蒲池鑑広
蒲池鎮漣	大友義鎮
蒲池鎮漣	筑後十五城
蒲池鎮漣	蒲池鑑久
蒲池鎮漣	蒲池鑑広
蒲池鎮漣	蒲池鑑盛
蒲池鎮漣	龍造寺政家
蒲池鎮漣	龍造寺隆信
蒲池鑑久	大友義鎮
蒲池鑑久	大友義鑑
蒲池鑑久	戦国大名
蒲池鑑久	筑後十五城
蒲池鑑久	蒲池治久
蒲池鑑久	蒲池親広
蒲池鑑久	蒲池鑑盛
蒲池鑑広	大友義鎮
蒲池鑑広	大友義鑑
蒲池鑑広	秋月種実
蒲池鑑広	筑後十五城
蒲池鑑広	蒲池親広
蒲池鑑広	蒲池鎮漣
蒲池鑑広	蒲池鑑盛
蒲池鑑広	龍造寺隆信
蒲池鑑盛	大友義鎮
蒲池鑑盛	大友義鑑
蒲池鑑盛	戦国大名
蒲池鑑盛	毛利元就
蒲池鑑盛	筑後十五城
蒲池鑑盛	蒲池鎮漣
蒲池鑑盛	蒲池鑑久
蒲池鑑盛	龍造寺家兼
蒲池鑑盛	龍造寺隆信
蘆名亀王丸	伊達政宗
蘆名亀王丸	伊達晴宗
蘆名亀王丸	佐竹義重_(十八代当主)
蘆名亀王丸	戦国大名
蘆名亀王丸	蘆名盛氏
蘆名亀王丸	蘆名盛滋
蘆名亀王丸	蘆名盛興
蘆名亀王丸	蘆名盛舜
蘆名亀王丸	蘆名盛隆
蘆名亀王丸	蘆名盛高
蘆名亀王丸	蘆名義広
蘆名盛氏	上杉謙信
蘆名盛氏	二本松義国
蘆名盛氏	二階堂氏
蘆名盛氏	二階堂盛義
蘆名盛氏	伊達晴宗
蘆名盛氏	伊達稙宗
蘆名盛氏	北条氏康
蘆名盛氏	徳川家康
蘆名盛氏	戦国大名
蘆名盛氏	武田信玄
蘆名盛氏	浅井長政
蘆名盛氏	田村清顕
蘆名盛氏	田村隆顕
蘆名盛氏	白河結城氏
蘆名盛氏	蘆名亀王丸
蘆名盛氏	蘆名盛氏
蘆名盛氏	蘆名盛滋
蘆名盛氏	蘆名盛興
蘆名盛氏	蘆名盛舜
蘆名盛氏	蘆名盛隆
蘆名盛氏	蘆名盛高
蘆名盛氏	蘆名義広
蘆名盛滋	伊達尚宗
蘆名盛滋	伊達稙宗
蘆名盛滋	蘆名亀王丸
蘆名盛滋	蘆名盛氏
蘆名盛滋	蘆名盛興
蘆名盛滋	蘆名盛舜
蘆名盛滋	蘆名盛隆
蘆名盛滋	蘆名盛高
蘆名盛滋	蘆名義広
蘆名盛興	伊達晴宗
蘆名盛興	伊達稙宗
蘆名盛興	伊達輝宗
蘆名盛興	戦国大名
蘆名盛興	蘆名亀王丸
蘆名盛興	蘆名盛氏
蘆名盛興	蘆名盛滋
蘆名盛興	蘆名盛舜
蘆名盛興	蘆名盛隆
蘆名盛興	蘆名盛高
蘆名盛興	蘆名義広
蘆名盛舜	伊達稙宗
蘆名盛舜	相馬顕胤
蘆名盛舜	結城氏
蘆名盛舜	蘆名亀王丸
蘆名盛舜	蘆名盛氏
蘆名盛舜	蘆名盛滋
蘆名盛舜	蘆名盛興
蘆名盛舜	蘆名盛隆
蘆名盛舜	蘆名盛高
蘆名盛舜	蘆名義広
蘆名盛隆	上杉景勝
蘆名盛隆	二階堂氏
蘆名盛隆	二階堂盛義
蘆名盛隆	二階堂行親
蘆名盛隆	伊達政宗
蘆名盛隆	伊達晴宗
蘆名盛隆	伊達輝宗
蘆名盛隆	佐竹義宣_(右京大夫)
蘆名盛隆	岩城常隆
蘆名盛隆	戦国大名
蘆名盛隆	織田信長
蘆名盛隆	蘆名亀王丸
蘆名盛隆	蘆名盛氏
蘆名盛隆	蘆名盛滋
蘆名盛隆	蘆名盛興
蘆名盛隆	蘆名盛舜
蘆名盛隆	蘆名盛高
蘆名盛隆	蘆名義広
蘆名盛高	伊達尚宗
蘆名盛高	伊達稙宗
蘆名盛高	戦国大名
蘆名盛高	蘆名亀王丸
蘆名盛高	蘆名盛氏
蘆名盛高	蘆名盛滋
蘆名盛高	蘆名盛興
蘆名盛高	蘆名盛舜
蘆名盛高	蘆名盛隆
蘆名盛高	蘆名義広
蘆名義広	上杉景勝
蘆名義広	二本松義綱
蘆名義広	伊達政宗
蘆名義広	伊達晴宗
蘆名義広	伊達輝宗
蘆名義広	佐竹義宣_(右京大夫)
蘆名義広	佐竹義重_(十八代当主)
蘆名義広	小峰義親
蘆名義広	白河結城氏
蘆名義広	結城政朝_(白河氏)
蘆名義広	結城晴綱
蘆名義広	結城義綱
蘆名義広	結城義顕
蘆名義広	結城顕頼
蘆名義広	蘆名亀王丸
蘆名義広	蘆名盛氏
蘆名義広	蘆名盛滋
蘆名義広	蘆名盛興
蘆名義広	蘆名盛舜
蘆名義広	蘆名盛隆
蘆名義広	蘆名盛高
蘆名義広	豊臣秀吉
蠣崎光広	松前慶広
蠣崎光広	武田信広
蠣崎光広	蠣崎季広
蠣崎光広	蠣崎季繁
蠣崎光広	蠣崎義広
蠣崎季広	安東舜季
蠣崎季広	松前慶広
蠣崎季広	武田信広
蠣崎季広	蠣崎光広
蠣崎季広	蠣崎季繁
蠣崎季広	蠣崎義広
蠣崎季広	豊臣秀吉
蠣崎季繁	安東定季
蠣崎季繁	安東家政
蠣崎季繁	安東政季
蠣崎季繁	松前慶広
蠣崎季繁	武田信広
蠣崎季繁	蠣崎光広
蠣崎季繁	蠣崎季広
蠣崎季繁	蠣崎義広
蠣崎義広	松前慶広
蠣崎義広	武田信広
蠣崎義広	蠣崎光広
蠣崎義広	蠣崎季広
蠣崎義広	蠣崎季繁
西園寺公広	一条兼定
西園寺公広	大友義鎮
西園寺公広	宇都宮豊綱
西園寺公広	戦国大名
西園寺公広	毛利氏
西園寺公広	西園寺実充
西園寺公広	豊臣秀吉
西園寺公広	長宗我部元親
西園寺実充	宇都宮豊綱
西園寺実充	河野通宣_(左京大夫)
西園寺実充	西園寺公広
設楽貞通	今川氏真
設楽貞通	武田信玄
諏訪頼満_(安芸守)	小笠原長棟
諏訪頼満_(安芸守)	戦国大名
諏訪頼満_(安芸守)	武田信虎
諏訪頼満_(安芸守)	武田勝頼
諏訪頼満_(安芸守)	諏訪頼重_(戦国時代)
諏訪頼重_(戦国時代)	上杉憲政
諏訪頼重_(戦国時代)	戦国大名
諏訪頼重_(戦国時代)	村上義清
諏訪頼重_(戦国時代)	武田信玄
諏訪頼重_(戦国時代)	武田信虎
諏訪頼重_(戦国時代)	武田勝頼
諏訪頼重_(戦国時代)	諏訪頼満_(安芸守)
豊臣秀吉	一条教房
豊臣秀吉	上杉景勝
豊臣秀吉	上杉謙信
豊臣秀吉	伊達政宗
豊臣秀吉	別所長治
豊臣秀吉	北条早雲
豊臣秀吉	北条氏政
豊臣秀吉	北条氏直
豊臣秀吉	北畠具教
豊臣秀吉	十河存保
豊臣秀吉	南部信直
豊臣秀吉	大友義統
豊臣秀吉	大友義鎮
豊臣秀吉	宇喜多直家
豊臣秀吉	宇喜多秀家
豊臣秀吉	小寺政職
豊臣秀吉	山名祐豊
豊臣秀吉	山名豊国
豊臣秀吉	島津義久
豊臣秀吉	徳川家康
豊臣秀吉	戦国大名
豊臣秀吉	斎藤龍興
豊臣秀吉	朝倉義景
豊臣秀吉	松永久秀
豊臣秀吉	武田信玄
豊臣秀吉	武田元明
豊臣秀吉	毛利元就
豊臣秀吉	毛利氏
豊臣秀吉	毛利輝元
豊臣秀吉	池田勝正
豊臣秀吉	浅井長政
豊臣秀吉	真田昌幸
豊臣秀吉	筒井順慶
豊臣秀吉	織田信長
豊臣秀吉	長宗我部元親
豊臣秀吉	龍造寺政家
赤松晴政	小寺政職
赤松晴政	尼子晴久
赤松晴政	浦上宗景
赤松晴政	浦上政宗
赤松晴政	浦上村宗
赤松晴政	浦上氏
赤松晴政	細川晴元
赤松晴政	細川高国
赤松晴政	赤松義村
赤松晴政	赤松義祐
赤松義村	三好長慶
赤松義村	小寺政職
赤松義村	戦国大名
赤松義村	浦上村宗
赤松義村	浦上氏
赤松義村	細川政元
赤松義村	細川澄元
赤松義村	細川高国
赤松義村	赤松晴政
赤松義村	赤松義祐
赤松義祐	三好氏
赤松義祐	三好長慶
赤松義祐	別所安治
赤松義祐	宇喜多直家
赤松義祐	小寺政職
赤松義祐	戦国大名
赤松義祐	池田勝正
赤松義祐	浦上宗景
赤松義祐	浦上政宗
赤松義祐	細川晴元
赤松義祐	織田信長
赤松義祐	赤松晴政
赤松義祐	赤松義村
足利成氏	上杉持朝
足利成氏	上杉顕実
足利成氏	二階堂氏
足利成氏	宇都宮成綱
足利成氏	小山持政
足利成氏	小田成治
足利成氏	山内上杉家
足利成氏	斯波氏
足利成氏	武田信昌
足利成氏	細川政元
足利成氏	結城氏
足利成氏	足利政氏
足利成氏	足利晴氏
足利成氏	足利高基
足利成氏	那須資実
足利成氏	里見成義
足利政氏	上杉朝良
足利政氏	上杉顕定
足利政氏	上杉顕実
足利政氏	二階堂氏
足利政氏	今川氏親
足利政氏	北条早雲
足利政氏	小田政治
足利政氏	山内上杉家
足利政氏	結城政勝
足利政氏	結城政朝
足利政氏	結城政直
足利政氏	足利成氏
足利政氏	足利義明
足利政氏	足利義氏_(古河公方)
足利政氏	足利高基
足利政氏	那須政資
足利晴氏	上杉憲寛
足利晴氏	上杉憲政
足利晴氏	上杉朝定_(扇谷上杉家)
足利晴氏	北条氏康
足利晴氏	北条氏綱
足利晴氏	宇都宮成綱
足利晴氏	白河結城氏
足利晴氏	結城晴朝
足利晴氏	結城晴綱
足利晴氏	足利義明
足利晴氏	足利義氏_(古河公方)
足利晴氏	足利高基
足利晴氏	里見義弘
足利義明	上杉憲寛
足利義明	北条氏綱
足利義明	千葉氏
足利義明	真里谷信応
足利義明	真里谷恕鑑
足利義明	豊臣秀吉
足利義明	足利政氏
足利義明	足利晴氏
足利義明	足利高基
足利義明	里見義堯
足利義明	里見義弘
足利義氏_(古河公方)	上杉謙信
足利義氏_(古河公方)	北条氏康
足利義氏_(古河公方)	北条氏綱
足利義氏_(古河公方)	豊臣秀吉
足利義氏_(古河公方)	足利晴氏
足利義氏_(古河公方)	足利義明
足利高基	上杉憲寛
足利高基	二階堂氏
足利高基	佐竹義舜
足利高基	宇都宮忠綱
足利高基	宇都宮成綱
足利高基	小山高朝
足利高基	小田政治
足利高基	山内上杉家
足利高基	結城政朝
足利高基	足利政氏
足利高基	足利晴氏
足利高基	足利義明
足利高基	那須高資
遠山景任	上杉謙信
遠山景任	姉小路頼綱
遠山景任	斎藤義龍
遠山景任	斎藤道三
遠山景任	武田信玄
遠山景任	武田勝頼
遠山景任	織田信長
那須政資	佐竹義篤_(十六代当主)
那須政資	宇都宮尚綱
那須政資	岩城常隆_(下総守)
那須政資	戦国大名
那須政資	結城顕頼
那須政資	足利政氏
那須政資	足利高基
那須政資	那須明資
那須政資	那須氏
那須政資	那須資房
那須政資	那須資胤
那須政資	那須資親
那須政資	那須高資
那須明資	那須政資
那須明資	那須氏
那須明資	那須資実
那須明資	那須資房
那須明資	那須資親
那須氏	白河結城氏
那須氏	結城政朝_(白河氏)
那須氏	結城氏
那須氏	豊臣秀吉
那須氏	那須政資
那須氏	那須明資
那須氏	那須資実
那須氏	那須資房
那須氏	那須資晴
那須氏	那須資胤
那須氏	那須資親
那須氏	那須資重
那須氏	那須高資
那須資実	戦国大名
那須資実	白河結城氏
那須資実	足利成氏
那須資実	那須明資
那須資実	那須氏
那須資実	那須資房
那須資房	岩城常隆_(下総守)
那須資房	戦国大名
那須資房	結城顕頼
那須資房	那須政資
那須資房	那須明資
那須資房	那須氏
那須資房	那須資実
那須資房	那須資胤
那須資房	那須資親
那須資房	那須高資
那須資晴	伊達政宗
那須資晴	佐竹義宣_(右京大夫)
那須資晴	佐竹義重_(十八代当主)
那須資晴	徳川家康
那須資晴	戦国大名
那須資晴	結城晴朝
那須資晴	結城氏
那須資晴	豊臣秀吉
那須資晴	那須氏
那須資晴	那須資胤
那須資胤	佐竹義宣_(右京大夫)
那須資胤	佐竹義重_(十八代当主)
那須資胤	北条氏康
那須資胤	大掾氏
那須資胤	戦国大名
那須資胤	結城氏
那須資胤	足利義氏_(古河公方)
那須資胤	那須政資
那須資胤	那須氏
那須資胤	那須資晴
那須資胤	那須高資
那須資親	宇都宮成綱
那須資親	戦国大名
那須資親	白河結城氏
那須資親	結城政朝_(白河氏)
那須資親	那須明資
那須資親	那須氏
那須資重	徳川家康
那須資重	那須氏
那須高資	佐竹義昭
那須高資	佐竹義篤_(十六代当主)
那須高資	宇都宮尚綱
那須高資	小山高朝
那須高資	小田政治
那須高資	岩城常隆_(下総守)
那須高資	戦国大名
那須高資	結城政勝
那須高資	結城晴綱
那須高資	足利晴氏
那須高資	足利高基
那須高資	那須政資
那須高資	那須氏
那須高資	那須資胤
里見成義	足利成氏
里見成義	里見義堯
里見成義	里見義康
里見成義	里見義弘
里見成義	里見義豊
里見成義	里見義通
里見成義	里見義重
里見成義	里見義頼
里見義堯	上杉謙信
里見義堯	今川義元
里見義堯	佐竹義重_(十八代当主)
里見義堯	北条氏康
里見義堯	北条氏政
里見義堯	北条氏綱
里見義堯	千葉氏
里見義堯	戦国大名
里見義堯	武田信玄
里見義堯	真里谷信応
里見義堯	真里谷恕鑑
里見義堯	足利義明
里見義堯	里見成義
里見義堯	里見義康
里見義堯	里見義弘
里見義堯	里見義豊
里見義堯	里見義通
里見義堯	里見義重
里見義堯	里見義頼
里見義堯	長野業正
里見義康	徳川家康
里見義康	織田信長
里見義康	豊臣秀吉
里見義康	足利義明
里見義康	里見成義
里見義康	里見義堯
里見義康	里見義弘
里見義康	里見義豊
里見義康	里見義通
里見義康	里見義重
里見義康	里見義頼
里見義弘	上杉謙信
里見義弘	北条氏康
里見義弘	北条氏政
里見義弘	足利晴氏
里見義弘	里見成義
里見義弘	里見義堯
里見義弘	里見義康
里見義弘	里見義豊
里見義弘	里見義通
里見義弘	里見義重
里見義弘	里見義頼
里見義豊	真里谷恕鑑
里見義豊	里見成義
里見義豊	里見義堯
里見義豊	里見義康
里見義豊	里見義弘
里見義豊	里見義通
里見義豊	里見義重
里見義豊	里見義頼
里見義通	戦国大名
里見義通	足利政氏
里見義通	足利義明
里見義通	里見成義
里見義通	里見義堯
里見義通	里見義康
里見義通	里見義弘
里見義通	里見義豊
里見義通	里見義重
里見義通	里見義頼
里見義重	北条氏政
里見義重	足利晴氏
里見義重	足利義明
里見義重	里見成義
里見義重	里見義堯
里見義重	里見義康
里見義重	里見義弘
里見義重	里見義豊
里見義重	里見義通
里見義重	里見義頼
里見義頼	佐竹義重_(十八代当主)
里見義頼	北条氏康
里見義頼	北条氏政
里見義頼	武田勝頼
里見義頼	豊臣秀吉
里見義頼	足利義明
里見義頼	里見成義
里見義頼	里見義堯
里見義頼	里見義康
里見義頼	里見義弘
里見義頼	里見義豊
里見義頼	里見義通
里見義頼	里見義重
長宗我部俊宗	長宗我部元親
長宗我部俊宗	長宗我部元門
長宗我部俊宗	長宗我部兼序
長宗我部俊宗	長宗我部国親
長宗我部俊宗	長宗我部忠俊
長宗我部俊宗	長宗我部文兼
長宗我部俊宗	長宗我部重氏
長宗我部俊宗	長宗我部雄親
長宗我部元親	一条兼定
長宗我部元親	三好康長
長宗我部元親	三好氏
長宗我部元親	三好長治
長宗我部元親	伊達政宗
長宗我部元親	十河存保
長宗我部元親	宇喜多秀家
長宗我部元親	徳川家康
長宗我部元親	戦国大名
長宗我部元親	本山氏
長宗我部元親	本山茂辰
長宗我部元親	本山親茂
長宗我部元親	毛利氏
長宗我部元親	細川晴元
長宗我部元親	織田信長
長宗我部元親	西園寺公広
長宗我部元親	豊臣秀吉
長宗我部元親	長宗我部俊宗
長宗我部元親	長宗我部元門
長宗我部元親	長宗我部兼序
長宗我部元親	長宗我部国親
長宗我部元親	長宗我部忠俊
長宗我部元親	長宗我部文兼
長宗我部元親	長宗我部重氏
長宗我部元親	長宗我部雄親
長宗我部元門	長宗我部俊宗
長宗我部元門	長宗我部元親
長宗我部元門	長宗我部兼序
長宗我部元門	長宗我部国親
長宗我部元門	長宗我部忠俊
長宗我部元門	長宗我部文兼
長宗我部元門	長宗我部重氏
長宗我部元門	長宗我部雄親
長宗我部兼序	一条房家
長宗我部兼序	本山氏
長宗我部兼序	細川政元
長宗我部兼序	長宗我部俊宗
長宗我部兼序	長宗我部元親
長宗我部兼序	長宗我部元門
長宗我部兼序	長宗我部国親
長宗我部兼序	長宗我部忠俊
長宗我部兼序	長宗我部文兼
長宗我部兼序	長宗我部重氏
長宗我部兼序	長宗我部雄親
長宗我部兼序	黒川元春
長宗我部国親	一条房家
長宗我部国親	本山氏
長宗我部国親	本山茂宗
長宗我部国親	本山茂辰
長宗我部国親	毛利元就
長宗我部国親	細川高国
長宗我部国親	長宗我部俊宗
長宗我部国親	長宗我部元親
長宗我部国親	長宗我部元門
長宗我部国親	長宗我部兼序
長宗我部国親	長宗我部忠俊
長宗我部国親	長宗我部文兼
長宗我部国親	長宗我部重氏
長宗我部国親	長宗我部雄親
長宗我部国親	黒川元春
長宗我部忠俊	長宗我部俊宗
長宗我部忠俊	長宗我部元親
長宗我部忠俊	長宗我部元門
長宗我部忠俊	長宗我部兼序
長宗我部忠俊	長宗我部国親
長宗我部忠俊	長宗我部文兼
長宗我部忠俊	長宗我部重氏
長宗我部忠俊	長宗我部雄親
長宗我部文兼	一条教房
長宗我部文兼	長宗我部俊宗
長宗我部文兼	長宗我部元親
長宗我部文兼	長宗我部元門
長宗我部文兼	長宗我部兼序
長宗我部文兼	長宗我部国親
長宗我部文兼	長宗我部忠俊
長宗我部文兼	長宗我部重氏
長宗我部文兼	長宗我部雄親
長宗我部重氏	長宗我部俊宗
長宗我部重氏	長宗我部元親
長宗我部重氏	長宗我部元門
長宗我部重氏	長宗我部兼序
長宗我部重氏	長宗我部国親
長宗我部重氏	長宗我部忠俊
長宗我部重氏	長宗我部文兼
長宗我部重氏	長宗我部雄親
長宗我部雄親	長宗我部俊宗
長宗我部雄親	長宗我部元親
長宗我部雄親	長宗我部元門
長宗我部雄親	長宗我部兼序
長宗我部雄親	長宗我部国親
長宗我部雄親	長宗我部忠俊
長宗我部雄親	長宗我部文兼
長宗我部雄親	長宗我部重氏
長尾晴景	上杉定実
長尾晴景	上杉景勝
長尾晴景	上杉謙信
長尾晴景	山内上杉家
長尾晴景	戦国大名
長尾晴景	長尾氏
長尾晴景	長尾為景
長尾晴景	長尾能景
長尾氏	上杉定実
長尾氏	上杉憲房_(戦国時代)
長尾氏	上杉憲政
長尾氏	上杉房能
長尾氏	上杉景勝
長尾氏	上杉謙信
長尾氏	上杉顕定
長尾氏	上杉顕実
長尾氏	北条早雲
長尾氏	北条氏康
長尾氏	北条氏直
長尾氏	山内上杉家
長尾氏	武田信玄
長尾氏	武田勝頼
長尾氏	波多氏
長尾氏	織田信長
長尾氏	長尾晴景
長尾氏	長尾為景
長尾氏	長尾能景
長尾氏	長野業正
長尾為景	上杉定実
長尾為景	上杉憲房_(戦国時代)
長尾為景	上杉房能
長尾為景	上杉景勝
長尾為景	上杉謙信
長尾為景	上杉顕定
長尾為景	山内上杉家
長尾為景	戦国大名
長尾為景	浦上氏
長尾為景	神保慶宗
長尾為景	長尾晴景
長尾為景	長尾氏
長尾為景	長尾能景
長尾能景	上杉定実
長尾能景	上杉房能
長尾能景	上杉景勝
長尾能景	上杉朝良
長尾能景	上杉謙信
長尾能景	上杉顕定
長尾能景	山内上杉家
長尾能景	戦国大名
長尾能景	神保慶宗
長尾能景	長尾晴景
長尾能景	長尾氏
長尾能景	長尾為景
長氏	上杉謙信
長氏	北条早雲
長氏	畠山春王丸
長氏	畠山氏
長氏	畠山義続
長氏	織田信長
長野具藤	北畠具房
長野具藤	北畠具教
長野具藤	織田信長
長野具藤	長野藤定
長野業正	上杉憲政
長野業正	上杉朝良
長野業正	上杉謙信
長野業正	北条氏康
長野業正	山内上杉家
長野業正	武田信玄
長野業正	里見義堯
長野業正	長野業盛
長野業盛	武田信玄
長野業盛	長野業正
長野稙藤	北畠具教
長野稙藤	北畠晴具
長野稙藤	戦国大名
長野稙藤	長野具藤
長野稙藤	長野藤定
長野稙藤	長野通藤
長野藤定	六角定頼
長野藤定	北畠具教
長野藤定	北畠晴具
長野藤定	戦国大名
長野藤定	長野具藤
長野藤定	長野稙藤
長野藤直	戦国大名
長野藤直	長野藤継
長野藤直	長野通藤
長野藤継	戦国大名
長野藤継	長野藤直
長野通藤	戦国大名
長野通藤	長野稙藤
長野通藤	長野藤直
阿蘇惟光	島津義久
阿蘇惟光	豊臣秀吉
阿蘇惟光	阿蘇惟種
阿蘇惟前	阿蘇惟豊
阿蘇惟将	戦国大名
阿蘇惟将	阿蘇惟種
阿蘇惟将	阿蘇惟豊
阿蘇惟種	豊臣秀吉
阿蘇惟種	阿蘇惟光
阿蘇惟種	阿蘇惟将
阿蘇惟種	阿蘇惟豊
阿蘇惟豊	阿蘇惟前
阿蘇惟豊	阿蘇惟将
阿蘇惟豊	阿蘇惟種
高橋長種	大友義鑑
高橋長種	大友義長
高橋長種	高橋高種
高橋高種	北条早雲
高橋高種	北条氏綱
高橋高種	畠山政長
高橋高種	畠山氏
高橋高種	高橋長種
黒川元春	長宗我部兼序
黒川元春	長宗我部国親
龍造寺家兼	千葉氏
龍造寺家兼	大内義隆
龍造寺家兼	少弐冬尚
龍造寺家兼	少弐資元
龍造寺家兼	戦国大名
龍造寺家兼	蒲池鑑盛
龍造寺家兼	龍造寺政家
龍造寺家兼	龍造寺隆信
龍造寺政家	大友義鎮
龍造寺政家	戦国大名
龍造寺政家	有馬晴信
龍造寺政家	有馬義貞
龍造寺政家	江上家種
龍造寺政家	蒲池鎮漣
龍造寺政家	豊臣秀吉
龍造寺政家	龍造寺家兼
龍造寺政家	龍造寺隆信
龍造寺隆信	大内義隆
龍造寺隆信	大友義鎮
龍造寺隆信	大村純忠
龍造寺隆信	少弐冬尚
龍造寺隆信	島津義久
龍造寺隆信	戦国大名
龍造寺隆信	有馬義純
龍造寺隆信	毛利元就
龍造寺隆信	江上家種
龍造寺隆信	秋月種実
龍造寺隆信	蒲池鎮漣
龍造寺隆信	蒲池鑑盛
龍造寺隆信	龍造寺家兼
龍造寺隆信	龍造寺政家
